path,bytes,sha256
.gitignore,173,11f9470b7c31dbf7e5eb1b30e42173a6ae5978e548eb8f48be6b781a70fe5a5e
README.md,701,476fa39b8d26a70fb39564bab0c16d34733674f8cbb797f2e3af7a73880dab43
docs/ARCHITECTURE.md,484,ed86f44ce82ebd4764094f873425bd82bf053d393c1df023d70a4087735cd327
docs/DATA_FLOW.txt,173,66a87216eaffbc929032c41fc9a0d7a147a27580926a41a32cef67d522351d70
docs/PROJECT_OVERVIEW.md,368,a67d9bf1a92561930b87f4da14b50e2a553fa821088ab915004e09a6dd8eebf7
firmware/esp-idf/soundnodev1/CMakeLists.txt,107,119055a41bfd28efd46cf36ac420fcfd1e3aa10ca61ddba2de3e2661cca77877
firmware/esp-idf/soundnodev1/components/lovyangfx/.github/FUNDING.yml,17,1d61012ce2524e367070124faef1c697b187abca424007794c38dfab737f3aa7
firmware/esp-idf/soundnodev1/components/lovyangfx/.github/ISSUE_TEMPLATE/bug-report--------.md,1482,34b39d6bccc82784382efe70561f6a73cc55fe952126b93510b7fd79e243890b
firmware/esp-idf/soundnodev1/components/lovyangfx/.github/ISSUE_TEMPLATE/device-support-request-------------.md,547,790cf3c245ccfa4eede7d6aeabcf09ae0a4185efd73dcea3e903a685f286b683
firmware/esp-idf/soundnodev1/components/lovyangfx/.github/ISSUE_TEMPLATE/feature-request-------.md,787,f9d9252eef35fb1b6fdbb02c3ba26660e904b40abf31654ebbd1faac3bdda599
firmware/esp-idf/soundnodev1/components/lovyangfx/.github/scripts/OpenCV.cmake,1393,b5a12fb4dc870e62f692d34b8475008f75d3d328c400752533482bd28cfc101f
firmware/esp-idf/soundnodev1/components/lovyangfx/.github/scripts/SDL.cmake,1547,1c0984ac223a9053fbfb959ef7dafd3991d9edf13619c4d5dd2fb861607770ed
firmware/esp-idf/soundnodev1/components/lovyangfx/.github/scripts/ci-compile,521,c0fe041b520c5466f07b2dfcc9399073af7849214635e099de94a781ff9bbe11
firmware/esp-idf/soundnodev1/components/lovyangfx/.github/scripts/esp-idf-versions.php,13503,2c1c2095a575433fa3cc0e317dd98a4d8c52275fa3d37c2de779e1074106a5ed
firmware/esp-idf/soundnodev1/components/lovyangfx/.github/scripts/installOpenCV.bat,1337,423c01feca12c702e56b68c6f38920145bda17175b572b617974a526789335aa
firmware/esp-idf/soundnodev1/components/lovyangfx/.github/scripts/installSDL2.bat,2149,36fb20bbae5c4211471365a4c2c01c191ff9af2d5d86e35dee96d421bcce1609
firmware/esp-idf/soundnodev1/components/lovyangfx/.github/scripts/semver.sh,4430,91d06cec70f43e986b50c904f8e08b039fc3367eb920ee470e0905d57f1c057b
firmware/esp-idf/soundnodev1/components/lovyangfx/.github/workflows/ArduinoBuild.yml,5204,57bb3825aa436c5e06f3784e95262b87af39bf012bde90f96635e29eb10ac110
firmware/esp-idf/soundnodev1/components/lovyangfx/.github/workflows/IDFBuild.yml,3247,2258b39734755a0ca1e304254cde8389f600e3a3f71891489d83dc18274e2f39
firmware/esp-idf/soundnodev1/components/lovyangfx/.github/workflows/OpenCVBuild.yml,4247,00ca879d1afd89df46ad257b92f93178cbcc3a008fd97e01b29eb0589d895f54
firmware/esp-idf/soundnodev1/components/lovyangfx/.github/workflows/PicoSDKBuild.yml,2006,c4d04d244e222ffb3e460cbe65e0747a4d0e7fedd2794b5143e75e7838e15a49
firmware/esp-idf/soundnodev1/components/lovyangfx/.github/workflows/PlatformioBuild.yml,3038,1f54df1a5abd27b9f55a57d1d0af82a7c024c5043548720fd62090994a58b381
firmware/esp-idf/soundnodev1/components/lovyangfx/.github/workflows/SDLBuild.yml,3964,3969b89e1031b621d7a4abe8438f6ada0c3fc71fe1af10ca0be24fc444d97e51
firmware/esp-idf/soundnodev1/components/lovyangfx/.github/workflows/build.yml,580,b51be35042e015e6fc5f4ddce634a3a215042b7565c9c76252f4c776a81d48ea
firmware/esp-idf/soundnodev1/components/lovyangfx/.github/workflows/issues-auto-closer.yml,605,640652abf469953df289f24963ca185847a379387b830259ad2656a82f4c17a4
firmware/esp-idf/soundnodev1/components/lovyangfx/.github/workflows/pioPkgPublish.yml,1066,80cd08e12769c71c1ec24c48e6fd405e30c4058cba2504e180325fec9a86cdb0
firmware/esp-idf/soundnodev1/components/lovyangfx/.github/workflows/stale.yml,1270,e62acef0306cbab2081f5cbabd7f6eafe9e5bfbf7acc59ec6d5c352eee5ef728
firmware/esp-idf/soundnodev1/components/lovyangfx/.gitignore,67,4aab37e3092c9db046074eb6d691c73c88369ca2e64542ae3c6fd8ca1bd6409f
firmware/esp-idf/soundnodev1/components/lovyangfx/CMakeLists.txt,375,69941c84d745bfd42b23ed2ddd1b0ec5d8f03dd228e8cf911a0c4012cff106b5
firmware/esp-idf/soundnodev1/components/lovyangfx/PLACE_LOVYANGFX_SOURCES_HERE.txt,107,ae48662948082f13a340552c4ddb7dd220ed98fae883a49a5f4e154ae15db099
firmware/esp-idf/soundnodev1/components/lovyangfx/README.md,32981,89aab6730d01a0a29515f8ea00345ae10513b2657d47b525e35dcb9128769d62
firmware/esp-idf/soundnodev1/components/lovyangfx/boards.cmake/esp-idf.cmake,1436,998cbdf099e000d150d25fd9b6a769b55fa66027953c8d306e8da0eaae6c6893
firmware/esp-idf/soundnodev1/components/lovyangfx/boards.cmake/pico-sdk.cmake,1056,b57046755a903ec14e82424acf921ae587a31406a9ac0bb181f334ffc3b96796
firmware/esp-idf/soundnodev1/components/lovyangfx/component.mk,245,73ca346031a7bd17f9ee4999be61f54e900c4415c805e9dee10ba5949ba05436
firmware/esp-idf/soundnodev1/components/lovyangfx/components/lovyangfx/CMakeLists.txt,340,04c59c0afd319450dfb6365196373da2ec5848e36cf8cc5156bf83603eda2c70
firmware/esp-idf/soundnodev1/components/lovyangfx/components/lovyangfx/PLACE_LOVYANGFX_SOURCES_HERE.txt,107,ae48662948082f13a340552c4ddb7dd220ed98fae883a49a5f4e154ae15db099
firmware/esp-idf/soundnodev1/components/lovyangfx/components/minimp3/CMakeLists.txt,51,46db998e7a0af2cff6429c0876a9b74dcdfc8f899b36d32175c4c6cba68dbdef
firmware/esp-idf/soundnodev1/components/lovyangfx/components/minimp3/include/PLACE_MINIMP3_HEADERS_HERE.txt,82,2c0c552157452f6b233da0c05d68606448f842717d5ad8ece5e131019fb521e1
firmware/esp-idf/soundnodev1/components/lovyangfx/doc/Panel_CVBS.md,6801,74f8bb5cfab68c31bb0eb71c26b811870b089b507daeb53f93a63e020ddcceeb
firmware/esp-idf/soundnodev1/components/lovyangfx/examples/Advanced/EPD/EPD.ino,13206,4bd44c9e88f270e18b8215f32b3d27659a46b2f8e218272571d3320bfbbfdce0
firmware/esp-idf/soundnodev1/components/lovyangfx/examples/Advanced/ESP32DeepSleepDisplay/ESP32DeepSleepDisplay.ino,2664,4a555763642db1561c1774d2767fb088a421ff6c5993db88a57ea10cff010607
firmware/esp-idf/soundnodev1/components/lovyangfx/examples/Advanced/LVGL_PlatformIO/platformio.ini,679,02402191dfd5750024e2e6436f095e6cfd8cc00b4d8162449eeb21602b4b6535
firmware/esp-idf/soundnodev1/components/lovyangfx/examples/Advanced/LVGL_PlatformIO/src/lv_conf.h,23792,db72945067e62c83ad50ec601de4bba7c06a373e3c72dabecdd5784be23d09f4
firmware/esp-idf/soundnodev1/components/lovyangfx/examples/Advanced/LVGL_PlatformIO/src/lv_demo_conf.h,1448,73dd420d4bc08af3a6c7e0bca351976b166e7e555ed5c4b4c1363f5ac1585df7
firmware/esp-idf/soundnodev1/components/lovyangfx/examples/Advanced/LVGL_PlatformIO/src/main.cpp,2313,6e30753ec19d47ac147fe7adff1741b28140596fffd75d5e08f6e2800026ea9d
firmware/esp-idf/soundnodev1/components/lovyangfx/examples/Game/BallMaze/BallMaze.ino,6566,7ca52ef45c8b660b0ec873d9882d3e01f6163ca342d1c9a96823c9ee4760e534
firmware/esp-idf/soundnodev1/components/lovyangfx/examples/HowToUse/1_simple_use/1_simple_use.ino,19477,75e7e3ddc6a3c26bc0346733d1af96938e7b3fe0fdc5daa2248499fab908a8ac
firmware/esp-idf/soundnodev1/components/lovyangfx/examples/HowToUse/2_user_setting/2_user_setting.ino,13718,22a3089100ebe5c4079ae75c5328934c5a1bca3724d48ff9d8a90c5959d9ada7
firmware/esp-idf/soundnodev1/components/lovyangfx/examples/HowToUse/3_fonts/3_fonts.ino,13649,53b047c5fe9ba54eb70643a3f562c5cbb4d1d4b5babf2574e3783ecfbab497d9
firmware/esp-idf/soundnodev1/components/lovyangfx/examples/HowToUse/4_unicode_fonts/arduino_misaki/arduino_misaki.ino,1787,16ff63d7f1aef3993a3715e7f441fe6231fa98412983d2339db6141eaf910192
firmware/esp-idf/soundnodev1/components/lovyangfx/examples/HowToUse/4_unicode_fonts/arduino_misaki/misakiUTF16FontData.h,73526,11c9693091ad16761fb6578989d4568e3e22384649475ee8a75dd06efab008a4
firmware/esp-idf/soundnodev1/components/lovyangfx/examples/HowToUse/4_unicode_fonts/efont/efont.ino,1338,b2f2ad525e0c485e38bf6bb75c724322c918bfd250720891918f5a586031c71d
firmware/esp-idf/soundnodev1/components/lovyangfx/examples/HowToUse/4_unicode_fonts/u8g2/adobex11font.c,265953,4aae42b93650fa99a3bca5557ee5b40431944a97de5722ab26acf87db9d76882
firmware/esp-idf/soundnodev1/components/lovyangfx/examples/HowToUse/4_unicode_fonts/u8g2/adobex11font.h,3392,ecc1ec6d9a1d550b658ec062983ae02794db28e11b0996593c9020629de91db6
firmware/esp-idf/soundnodev1/components/lovyangfx/examples/HowToUse/4_unicode_fonts/u8g2/profont.c,26731,b541079e7d9352a0900d08502d780eb7d5839b41d642c05bf8dd09c4d5b76fd9
firmware/esp-idf/soundnodev1/components/lovyangfx/examples/HowToUse/4_unicode_fonts/u8g2/profont.h,366,b31d218d1751ba33a639a7d1569e4c31bad2b2f86349015cee5d9c7866df9259
firmware/esp-idf/soundnodev1/components/lovyangfx/examples/HowToUse/4_unicode_fonts/u8g2/u8g2.ino,6831,05e617413258e5bb9acaf876bf2a6c95c3a11c2ff094e55c007879e4b74a369c
firmware/esp-idf/soundnodev1/components/lovyangfx/examples/HowToUse/5_images/5_images.ino,16663,231729ccc20080814aa920d2bae9eea0dd06ec98dbd6510c75f6dd84bfab09bf
firmware/esp-idf/soundnodev1/components/lovyangfx/examples/HowToUse/5_images/image.h,2046,426df41580edb2c3f8c73ee14c3bd7d464e5e1188c19f537ae845cf97fcb4fd1
firmware/esp-idf/soundnodev1/components/lovyangfx/examples/Sprite/ClockSample/ClockSample.ino,7764,29c79b4fa62872c50af052f9ccbcd629d8d1d8409c43474e78711a6c635d6977
firmware/esp-idf/soundnodev1/components/lovyangfx/examples/Sprite/CollisionCircles/CollisionCircles.ino,7679,fd16357cfcfe6d9bd477292f9e8f491d31f18f114109f9e998ba3bd92e9fb97b
firmware/esp-idf/soundnodev1/components/lovyangfx/examples/Sprite/FlashMemSprite/FlashMemSprite.ino,1530,f0ac7342e10805023ea86cc37328e6f66c7a189618d0ed12c8a515853d26e9b3
firmware/esp-idf/soundnodev1/components/lovyangfx/examples/Sprite/FlashMemSprite/image1280x960x1.h,931256,fb1e40706a7ccb72d01f2b74b96795180ad833a7c5e65238d6a19b45f78602e0
firmware/esp-idf/soundnodev1/components/lovyangfx/examples/Sprite/FlashMemSprite/image320x240x16.h,931256,9126af1b27c63f2e7afa6a79f39b105f0ecaad32ab2079ffa1c69a6b074b51a0
firmware/esp-idf/soundnodev1/components/lovyangfx/examples/Sprite/FlashMemSprite/image480x320x8.h,940857,0549d3be5ced97be7a4c8dcdf3eb57faa1ee0aeba0b62ae0463e555049194fb5
firmware/esp-idf/soundnodev1/components/lovyangfx/examples/Sprite/FlashMemSprite/image640x480x4.h,931255,8fee55a16b3408a2425f8020a73db9abbbf21b4db12506f816f5eedb7ca5ac53
firmware/esp-idf/soundnodev1/components/lovyangfx/examples/Sprite/MeterSample/MeterSample.ino,4137,7aae8055f60efcde958f9f76c939fe1c15f3e5c4c67ecd07227f86422138b2bb
firmware/esp-idf/soundnodev1/components/lovyangfx/examples/Sprite/MovingCircles/MovingCircles.ino,3046,4c33809ce89a19c14f8c856aff79dd6ccc0474a5230e43c5e2d0b67838bf86af
firmware/esp-idf/soundnodev1/components/lovyangfx/examples/Sprite/MovingIcons/MovingIcons.ino,27798,3b582ac825a4e1d20439baebe27f063ac7d06447221e24fb52cd2b3ef3e3cee6
firmware/esp-idf/soundnodev1/components/lovyangfx/examples/Sprite/PartyParrot/PartyParrot.ino,1406,1bd58e1b5d0114aa1f34e5320901a7fb1291111aa52648389d184cbd2f9a63ba
firmware/esp-idf/soundnodev1/components/lovyangfx/examples/Sprite/PartyParrot/partyparrot.h,220497,075b200ead1b13d0acdaa45ffc583641ca6b9f2adb5dcab5ebaa9780ee13dfde
firmware/esp-idf/soundnodev1/components/lovyangfx/examples/Sprite/RadgialGauge/RadgialGauge.ino,1659,e59d352ded076b93ea1b5887e41b5cfee23c3e12e44c5fc8a818c650a1063290
firmware/esp-idf/soundnodev1/components/lovyangfx/examples/Sprite/RotateDial/RotateDial.ino,5175,0f87154ced515c4048b2dad03d0e1f1b14f8371c5bed5cc7c86378920df9d4b2
firmware/esp-idf/soundnodev1/components/lovyangfx/examples/Sprite/RotatedZoomSample/RotatedZoomSample.ino,1239,9350e272240b1d5224f713ad4c8793af93fa8c6bef436c4e6a5c764668142f55
firmware/esp-idf/soundnodev1/components/lovyangfx/examples/Sprite/TransitionFX/LGFX_SpriteFX.hpp,16946,8b22fbac67ebb18a77e70628d41b449e0900c3f2aba94a722ee606f8d26ae33a
firmware/esp-idf/soundnodev1/components/lovyangfx/examples/Sprite/TransitionFX/TransitionFX.ino,6835,745a2b7dfc04aed766a10249883872590209f04b4bbbc1256eb2ec008eea86f6
firmware/esp-idf/soundnodev1/components/lovyangfx/examples/Sprite/TransitionFX/assets.h,227397,e3a8fefe0491f56652908df4ef1c75974bd6d21797f14b022b8a395aea84ad9b
firmware/esp-idf/soundnodev1/components/lovyangfx/examples/Standard/DrawLineThickness/DrawLineThickness.ino,12334,2148214f88599e085be4f55daf27d035a947679ef62117ac1c98d01046f46bea
firmware/esp-idf/soundnodev1/components/lovyangfx/examples/Standard/Graph/Graph.ino,1998,d301b2be24e0c118739218db7b8415a8f5a80da97b192b3485cf6ece47841ad1
firmware/esp-idf/soundnodev1/components/lovyangfx/examples/Standard/LongTextScroll/LongTextScroll.ino,2023,6bd7bda6811e3862860561970322e3d854d8dc2e0d613dba142343020d760aba
firmware/esp-idf/soundnodev1/components/lovyangfx/examples/Standard/SaveBMP/SaveBMP.ino,2978,fb8596a98c915d261e277bc2982a62452fea6be080847f12584f726cff97d593
firmware/esp-idf/soundnodev1/components/lovyangfx/examples/Standard/SavePNG/SavePNG.ino,1850,ddec62110925f5eb5a302029f4f02b02e685eaa08f8cb8a8e6a1fc065a3ce854
firmware/esp-idf/soundnodev1/components/lovyangfx/examples/Test/TFT_graphicstest_PDQ/TFT_graphicstest_PDQ.ino,23402,493c3add5182d44e7b69116945f1cd52b4d0a16959f1ba00f04c781bd6d13235
firmware/esp-idf/soundnodev1/components/lovyangfx/examples/Test/build_test/CMakeLists.txt,198,74ca2db915ae58e4339f8f17b4888b0b2dc50af609d12a166bf65d94b6400c6f
firmware/esp-idf/soundnodev1/components/lovyangfx/examples/Test/build_test/build_test.ino,25,85a47aa4081afcd6788b18639710dc6bf14f4a388f49ed3ef44c3a2aa2ab7b30
firmware/esp-idf/soundnodev1/components/lovyangfx/examples/Test/build_test/main/CMakeLists.txt,84,a052f5dd79905cf8e482fb6a52c45b0c6de65b0ea613dad483e6a060931baf78
firmware/esp-idf/soundnodev1/components/lovyangfx/examples/Test/build_test/main/main.cpp,5838,6fc35eebb8e7aa9749379108f951474b014b25bbfe034c29c35a58abc1f86599
firmware/esp-idf/soundnodev1/components/lovyangfx/examples/Test/build_test/platformio.ini,461,89d882571f993d122df909c5c48962d9cf99b2d1a126e66a0e89a02c69ecdd9a
firmware/esp-idf/soundnodev1/components/lovyangfx/examples/Test/build_test/platformio_atmelsam.ini,420,51e907656dc17e38d863d4a944040d3a7a3922fb0258da1050116429bfab973b
firmware/esp-idf/soundnodev1/components/lovyangfx/examples/Test/build_test/platformio_esp32.ini,5297,1a2011c6394ec48ccc858faed5f640c959d069c2369a91d214ab42f60bbfbd2b
firmware/esp-idf/soundnodev1/components/lovyangfx/examples/Test/build_test/platformio_esp8266.ini,570,514baa3aba7133fc954dcd2fc71c185f3b93fd142ae10d86e9e7f1f4596bf063
firmware/esp-idf/soundnodev1/components/lovyangfx/examples/Test/build_test/platformio_native.ini,997,cb6c5473cd98f1933f88e03e933133a738b6e0501986f10be413627b910c1efb
firmware/esp-idf/soundnodev1/components/lovyangfx/examples/Test/build_test/platformio_rpipico.ini,239,30692d74c01f8c8703d4e2ae853618dda0fa51877e6cd09fa166101771907532
firmware/esp-idf/soundnodev1/components/lovyangfx/examples/Test/build_test/portduino/main.cpp,1298,555b7232381fa24027b6c5fca77e7a2ad5340834d26cc13e4e8c3d25b28d99f8
firmware/esp-idf/soundnodev1/components/lovyangfx/examples/Test/build_test/portduino/main.h,1697,e3216733cfcf7f0719a0f487ac77d4c75ada66f27dab9fe74af49fac7fb84525
firmware/esp-idf/soundnodev1/components/lovyangfx/examples/Test/build_test/sdkconfig.defaults,85,f39e2d3c882cf17d78c0f1e484849f0cc1281955e105b42c8304375250c61b9d
firmware/esp-idf/soundnodev1/components/lovyangfx/examples/Test/test_readpixel/test_readpixel.ino,3843,a412ded3e531291f8b4acadf2eb645e1a1ee710261216bd38465c72af4b055c9
firmware/esp-idf/soundnodev1/components/lovyangfx/examples_for_PC/CMake_FrameBuffer/CMakeLists.txt,691,54d86a4f63b3ed6c4d46e97a357bc0fcb741b4269b9cb2bd9976a8bd39026f36
firmware/esp-idf/soundnodev1/components/lovyangfx/examples_for_PC/CMake_FrameBuffer/LGFX_LINUX_FB.cpp,431,88c1e0fc634cfa743ceb5b4f51e952481a6dd6aa6f9e0ca0b1bc4b6e9141d835
firmware/esp-idf/soundnodev1/components/lovyangfx/examples_for_PC/CMake_FrameBuffer/user_code.cpp,890,2dd1ad690d8c3dc15775f6dca9f54ff9a6149007d9958ecb42d4cc41d7049059
firmware/esp-idf/soundnodev1/components/lovyangfx/examples_for_PC/CMake_OpenCV/CMakeLists.txt,1545,ba89b78ce1820820a41c70556d306eb56caadff63651da63036b14d1200a44b7
firmware/esp-idf/soundnodev1/components/lovyangfx/examples_for_PC/CMake_OpenCV/CMakeSettings.json,395,e8654b67caa72cd3cba2f73dd731b4a788631a24b69b76f9412a4536a8d0f26c
firmware/esp-idf/soundnodev1/components/lovyangfx/examples_for_PC/CMake_OpenCV/LGFXOpenCV.cpp,462,49559fc86a800898c97eccaa3a8272dd3e95f04b084fb7720ab24179f5f3b6bc
firmware/esp-idf/soundnodev1/components/lovyangfx/examples_for_PC/CMake_OpenCV/user_code.cpp,1200,e20fe315b4269910064d39c70822eaa7ac404a4cf66064e51da552fc82e84033
firmware/esp-idf/soundnodev1/components/lovyangfx/examples_for_PC/CMake_SDL/CMakeLists.txt,2193,17649f6197785ec8d0671902ba6c1a9369de2be02ea110e4fbaa691c249a8bfe
firmware/esp-idf/soundnodev1/components/lovyangfx/examples_for_PC/CMake_SDL/CMakeSettings.json,816,9b494813d18e9cea56e31e48fdaa0de0b15f7d31fa1898988607ac5124eb8fd7
firmware/esp-idf/soundnodev1/components/lovyangfx/examples_for_PC/CMake_SDL/sdl_main.cpp,306,e8a10dbef4c74563c629546ddcdb1d2916a6167643e986135ff4e12648c49169
firmware/esp-idf/soundnodev1/components/lovyangfx/examples_for_PC/CMake_SDL/user_code.cpp,1191,a2fd828cf74bea3483a54b01396977019a2027e0d6920035c8fd59f2c18d0720
firmware/esp-idf/soundnodev1/components/lovyangfx/examples_for_PC/CMake_WASM/CMakeLists.txt,957,a028a73f4b66ec0cf680e98d40d174706b187dbd03cc411f7ca8da768e8d346c
firmware/esp-idf/soundnodev1/components/lovyangfx/examples_for_PC/CMake_WASM/CMakeSettings.json,395,e8654b67caa72cd3cba2f73dd731b4a788631a24b69b76f9412a4536a8d0f26c
firmware/esp-idf/soundnodev1/components/lovyangfx/examples_for_PC/CMake_WASM/LGFX_WASM.cpp,346,5cbc3b138c0c60f82f8e7c8ee2493117b94eae69303deae2710282f09b7efdcd
firmware/esp-idf/soundnodev1/components/lovyangfx/examples_for_PC/CMake_WASM/README.md,922,cca0a86eb21c3750e2448a7d267fdb09ac0c9d91e4d1531956f2ba07629f4108
firmware/esp-idf/soundnodev1/components/lovyangfx/examples_for_PC/CMake_WASM/lgfx_wasm.html,931,e5a67bf3b90f538dce270acb5621381ead2ea774c726570a0459ccf363d752b3
firmware/esp-idf/soundnodev1/components/lovyangfx/examples_for_PC/CMake_WASM/user_code.cpp,2018,f2ac93a07b4f0247b514a3e54ee63c65f56d58b59f8418d09c69a9bf8a0dcb15
firmware/esp-idf/soundnodev1/components/lovyangfx/examples_for_PC/PlatformIO_SDL/README-en.md,2820,7001577aaf4c50fbda0b9d182772ee00f7f8ed9ca5b3363f61d799eedb6b0b91
firmware/esp-idf/soundnodev1/components/lovyangfx/examples_for_PC/PlatformIO_SDL/README.md,2319,97525265927dab2181226e67abfe3f6a81e148f60e73c211b49f91b68c87c548
firmware/esp-idf/soundnodev1/components/lovyangfx/examples_for_PC/PlatformIO_SDL/platformio.ini,1226,349394f1b90a829c636d2382e40d7dc53f2304a45efc34c03cdf0223bb290166
firmware/esp-idf/soundnodev1/components/lovyangfx/examples_for_PC/PlatformIO_SDL/src/sdl_main.cpp,306,e8a10dbef4c74563c629546ddcdb1d2916a6167643e986135ff4e12648c49169
firmware/esp-idf/soundnodev1/components/lovyangfx/examples_for_PC/PlatformIO_SDL/src/user_code.cpp,463,1332339a4ca4d283bafd2f3a8f96e93e796371c00c9b9e4de9bc1067db20f8e2
firmware/esp-idf/soundnodev1/components/lovyangfx/examples_for_PC/README.md,4125,02997ecb3209169d3e48972d564baf2a41fd519c7ae5fa6966585fecb333cb1e
firmware/esp-idf/soundnodev1/components/lovyangfx/examples_for_PC/images/cmakelists_edit.png,111614,e5db42d32919a09c2ce71a17150e7ad3b0ed678bc1af42b712d44d3e17834b41
firmware/esp-idf/soundnodev1/components/lovyangfx/examples_for_PC/images/env_path.png,168872,b3abeebbb2246aa034c0c53680fc19a2e80884c677fc4ed6eeb3a6365e260dfa
firmware/esp-idf/soundnodev1/components/lovyangfx/examples_for_PC/images/opencv_download_page.png,111727,221edf4db5231faf0ec74f4c30cd23fd5c5ba818569166d5464df22498c8b690
firmware/esp-idf/soundnodev1/components/lovyangfx/examples_for_PC/images/opencv_install_directory.png,1870,3e5e5a553452c83a98e06798b886c8de406f11a725791487d535bcad4f420d83
firmware/esp-idf/soundnodev1/components/lovyangfx/examples_for_PC/images/sdl2_download_page.png,115810,de18699d016381214e55539f483e1bfd41bc8e15b9e489239aa7334dcf68d462
firmware/esp-idf/soundnodev1/components/lovyangfx/examples_for_PC/images/vs_build.png,12972,d5be871fdf9de4aebbb937c50b25daaffe8e9565a061e5f411be42e11486f2c4
firmware/esp-idf/soundnodev1/components/lovyangfx/examples_for_PC/images/vs_debug.png,24646,19321080f59e27b852ab08bc79edde4d5566eba4f7aa6e2d349b9cb7580b4650
firmware/esp-idf/soundnodev1/components/lovyangfx/examples_for_PC/images/vs_debug_stop.png,14780,a7c3ff19e2ecc339140174863dc5717f3cf1973dbf53e21ee4c4add2a99baf47
firmware/esp-idf/soundnodev1/components/lovyangfx/examples_for_PC/images/vs_debugging_example.png,169553,e8a445050c77a6d482241db40a1afd6fdc3a6360b7a96a6546bf29883ceb3f79
firmware/esp-idf/soundnodev1/components/lovyangfx/examples_for_PC/images/vs_error_notfound_opencv.png,11771,5ceb4193836e587207235f7ebf56486ac4a4fe7bd96504f72835fe46f6093c92
firmware/esp-idf/soundnodev1/components/lovyangfx/examples_for_PC/images/vs_error_notfound_sdl.png,10594,7507392d940fb33301632f38e09146de80924d75d565b2839d7fd0eacdd4784d
firmware/esp-idf/soundnodev1/components/lovyangfx/examples_for_PC/images/vs_install.png,168263,96d9c9408719f2b8ac99e06e19d8b287d95804770435e9fa819250ea7e3c3acc
firmware/esp-idf/soundnodev1/components/lovyangfx/examples_for_PC/images/vs_open.png,33979,1125d1222432f4394cca16cb4bcbfd9b0602bebaa517a6be58c018308db5e5b7
firmware/esp-idf/soundnodev1/components/lovyangfx/examples_for_picosdk/i2c/CMakeLists.txt,1099,e574821aeaccaa1966ebb6a481e0c5b7fc7e13ce15319f35eb749366d95cd995
firmware/esp-idf/soundnodev1/components/lovyangfx/examples_for_picosdk/i2c/LGFX_config.hpp,2324,64c9fb09cfa2e8fa25722ca6c67acae1dfc485fb1d6194cb2335074ff7a028dc
firmware/esp-idf/soundnodev1/components/lovyangfx/examples_for_picosdk/i2c/main.cpp,1597,df82cf950206ab61f5138db5d6d17c5e8712544da0be33fdfce929bf606bf841
firmware/esp-idf/soundnodev1/components/lovyangfx/examples_for_picosdk/spi/CMakeLists.txt,1099,cc2b40769a3985a89f201719c631bf43bd4297dd3de2f6c3d3dae2af1c5e9c8d
firmware/esp-idf/soundnodev1/components/lovyangfx/examples_for_picosdk/spi/LGFX_config.hpp,3901,60c2c1bccd40d727c254be0d5f1aaddb0ad0b2acab7e1049c0759f1dd744b464
firmware/esp-idf/soundnodev1/components/lovyangfx/examples_for_picosdk/spi/main.cpp,1596,5ed04430a80b36c45b814fb43e1f149090784f07d536d2564cb27d3f0efbaba3
firmware/esp-idf/soundnodev1/components/lovyangfx/library.json,986,c56d4e6a3308419595970ea949f7b14fb1ea87c6b97be23df64825341fd0afb0
firmware/esp-idf/soundnodev1/components/lovyangfx/library.properties,664,2f3f9c4a2095f4cedbc8ec76e61dfa9e06600fb503ccf9a6bacebf510ec2dc5a
firmware/esp-idf/soundnodev1/components/lovyangfx/license.txt,5952,ec7c22d763503f016c1e743e6089042e780fbb1c118ebcc0b1eb72232e8903b3
firmware/esp-idf/soundnodev1/components/lovyangfx/main/CMakeLists.txt,241,a177ac727abdd7c7f1f0e3c358ad2e8399983fe608f03f7420d72f276a571ec2
firmware/esp-idf/soundnodev1/components/lovyangfx/main/app_main.cpp,992,53adb307a33bde5e027772182b8f895af14e3e0060cfdaca696faaeb24638fcc
firmware/esp-idf/soundnodev1/components/lovyangfx/main/bt_a2dp.cpp,3488,42048d9839751b42f7d004d2564a10d0dceffbe3f1fbb89ae58cec45d0216d1f
firmware/esp-idf/soundnodev1/components/lovyangfx/main/bt_a2dp.h,160,2b36f6fe65f524462923ad6f3cafa22eecdf4fb80492ce3a7efef4a4d8061e1c
firmware/esp-idf/soundnodev1/components/lovyangfx/main/mp3_decode.cpp,3057,099b40bbb8e38edeffa01ae9ee8bbce1d6885c8e628b041132ca157ee3081a24
firmware/esp-idf/soundnodev1/components/lovyangfx/main/mp3_decode.h,349,690ca47bd6582153f035e328e2e20a5e29e1293c08c85390e45ed7e7be7e04a5
firmware/esp-idf/soundnodev1/components/lovyangfx/main/pin_config.h,1603,3ad5370036eef01bc0b1c7a90a59a0abd64afb2aee8bf5ad2113504fc2b8a4e2
firmware/esp-idf/soundnodev1/components/lovyangfx/main/playlist.cpp,652,0a4fab5c7d6506f2223a9606ca2c2970321fdecf0a1d47b52cfbd694ac7588c7
firmware/esp-idf/soundnodev1/components/lovyangfx/main/playlist.h,131,6650f5d99751b9d757bb6cdbbdf26b298f5e0116dc23aa0a0505c112cd6391aa
firmware/esp-idf/soundnodev1/components/lovyangfx/main/ring_pcm.cpp,1079,2822821d17e4e8fda5b81a575583e69dcc59c0d0deb51046ce43c36518620938
firmware/esp-idf/soundnodev1/components/lovyangfx/main/ring_pcm.h,226,c972fe3ffc1e57c56d64453ac18ab58e9465f48596cd04ee3cacb696a4a4e802
firmware/esp-idf/soundnodev1/components/lovyangfx/main/sd_mount.cpp,1307,1cade665f4448bbc2a1747fddddfa1bc719dfc123094846be5bd753fd0cd95b5
firmware/esp-idf/soundnodev1/components/lovyangfx/main/sd_mount.h,100,d504489748f999dd10e67bfdec5c3c8b30d7b36de59202be43cb38b6c9815754
firmware/esp-idf/soundnodev1/components/lovyangfx/main/ui.cpp,4801,680a355d884fdce772d90e72961ad20709e8f0423baa296282b9bd394c98f2e6
firmware/esp-idf/soundnodev1/components/lovyangfx/main/ui.h,142,a05d4dd17b6af9ebbe5f5de5fa9b302202eb8f051710e0b0c96873964c9d52c4
firmware/esp-idf/soundnodev1/components/lovyangfx/sdkconfig.defaults,274,3a377ce9ebade8602f19de45efc43250b9a0f35ddb2375c8af83eb5c75e3ea7c
firmware/esp-idf/soundnodev1/components/lovyangfx/src/LGFX_AUTODETECT.hpp,600,52c5dc3c3ea3cd60a2df5bc7c274c3000e000cafb7eb12d9cf42aa3e96c107cc
firmware/esp-idf/soundnodev1/components/lovyangfx/src/LGFX_TFT_eSPI.h,165,ab6b25b425c25f7b115152785069c19747f86c6814b77eeaf510b11d6fb3d506
firmware/esp-idf/soundnodev1/components/lovyangfx/src/LGFX_TFT_eSPI.hpp,5408,e43c55b4493f0487bdf1853d9e6a89a38a8839a24f08da7827cad6fadefabd43
firmware/esp-idf/soundnodev1/components/lovyangfx/src/LovyanGFX.h,161,65233fd921dcb76f1958f577bddf78ec3654e747b2e258b09ec5068910b9808b
firmware/esp-idf/soundnodev1/components/lovyangfx/src/LovyanGFX.hpp,730,7b35d52966efc455112833ad31987d0c5ca9ca5517e085d8fd929034fbe82b6e
firmware/esp-idf/soundnodev1/components/lovyangfx/src/lgfx/Fonts/Ascii24x48.h,78603,6e592758d76e6cc7a581988f0b9b2d33f7d73fa0277f0bdfcdbae6c74a05e258
firmware/esp-idf/soundnodev1/components/lovyangfx/src/lgfx/Fonts/Ascii8x16.h,26038,5881d991df6f2af8a692e48b2aefde17f557d38a0b4dfc1fa25128683bb026ce
firmware/esp-idf/soundnodev1/components/lovyangfx/src/lgfx/Fonts/Custom/DejaVu12.h,8572,da2ca824412877cafed0e0a0ae4727f106eec36ce8e44e285da0f07ee70ac0a2
firmware/esp-idf/soundnodev1/components/lovyangfx/src/lgfx/Fonts/Custom/DejaVu18.h,12592,990dc636a98aa1b9486ecc130fd4f3694403f809204c848e93aac6782a0a2409
firmware/esp-idf/soundnodev1/components/lovyangfx/src/lgfx/Fonts/Custom/DejaVu24.h,17968,71ecfee4c427aaf3e56e8b5660d430711c62e59a41458004e57473dd6303fa2b
firmware/esp-idf/soundnodev1/components/lovyangfx/src/lgfx/Fonts/Custom/DejaVu40.h,40636,f14ca48af49048800e574d3818ce39c9e06bba7ec1949906ef849a1631b83e2f
firmware/esp-idf/soundnodev1/components/lovyangfx/src/lgfx/Fonts/Custom/DejaVu56.h,75180,cacdc9acc4ab0142d79b6a1925a36a98fd364e03aab3ed4245b775ef805c620a
firmware/esp-idf/soundnodev1/components/lovyangfx/src/lgfx/Fonts/Custom/DejaVu72.h,118753,e87a84ff85b8fc1364a127307bedfea6a0420ced8c681ce70a1f056b75f46819
firmware/esp-idf/soundnodev1/components/lovyangfx/src/lgfx/Fonts/Custom/DejaVu9.h,7186,03bdcd4a857b139d25a8ef92bde4496203bf80e097ca0e9336b0d0dde22f0a5a
firmware/esp-idf/soundnodev1/components/lovyangfx/src/lgfx/Fonts/Custom/Orbitron_Light_24.h,18494,c45ab81a5e5e6a458ef508c366e34d558cf1f1a67632c391275e29401df3f939
firmware/esp-idf/soundnodev1/components/lovyangfx/src/lgfx/Fonts/Custom/Orbitron_Light_32.h,28904,c30af4f0c06bc7841230e692c5df206646bb03af2f5cbc5aa3619734b636aa4a
firmware/esp-idf/soundnodev1/components/lovyangfx/src/lgfx/Fonts/Custom/Roboto_Thin_24.h,15234,bf9e12ee57bb992928b0e029259a1d6dd291244f17b046ba57b4e32250d307f3
firmware/esp-idf/soundnodev1/components/lovyangfx/src/lgfx/Fonts/Custom/Satisfy_24.h,18924,35f44c438df9a6c397c6dd11f6b82384c4b9eaf8aa0952ff31393800a7bda5af
firmware/esp-idf/soundnodev1/components/lovyangfx/src/lgfx/Fonts/Custom/Yellowtail_32.h,29324,f063da110e14df4baf9b02aad30385d9512ec5d3b8a07c64fd7a334e87ed14d6
firmware/esp-idf/soundnodev1/components/lovyangfx/src/lgfx/Fonts/Font16.h,29346,da5a3842c8a2c017925fa5bad9b2b7ad7ceaf887dfd818db749411d6ababd874
firmware/esp-idf/soundnodev1/components/lovyangfx/src/lgfx/Fonts/Font32rle.h,35368,611a53d8e1c89ec55ac0ac49e954d36ba6308a5e35aca34647b05a7a48d5f20b
firmware/esp-idf/soundnodev1/components/lovyangfx/src/lgfx/Fonts/Font64rle.h,12575,5b9e53babb5beeeb5bbd1654bd340962b9b80e4ef3fcd0cba305060b0994b826
firmware/esp-idf/soundnodev1/components/lovyangfx/src/lgfx/Fonts/Font72rle.h,16281,da2212bb3e6fd782fcfccc14f6fe8e2b22f1340cad1673bca0e02e36b0429d7d
firmware/esp-idf/soundnodev1/components/lovyangfx/src/lgfx/Fonts/Font72x53rle.h,16210,2bafa6363ddc765b36c86876994a992fb8c3a3349d77362b45841b0cc27a5070
firmware/esp-idf/soundnodev1/components/lovyangfx/src/lgfx/Fonts/Font7srle.h,11256,25078d32d344a3c7b4905e8b99a3c4116667e685ccfef3fca9c729d500ec594d
firmware/esp-idf/soundnodev1/components/lovyangfx/src/lgfx/Fonts/Font8x8C64.h,6398,d2daba35ad02a8a2c144ed4afc9e62bf037129221dbf0fa5e69bd9360e9e6737
firmware/esp-idf/soundnodev1/components/lovyangfx/src/lgfx/Fonts/GFXFF/FreeMono12pt7b.h,14395,cafc2786015e2cdcf6fc6f6847fa7fadeb89f24fa342b733c7c77a7682301155
firmware/esp-idf/soundnodev1/components/lovyangfx/src/lgfx/Fonts/GFXFF/FreeMono18pt7b.h,24441,dba6ebd28493f6d77d2164cc2802df16fed1df40ff3cdc41428c0bd6e58f4382
firmware/esp-idf/soundnodev1/components/lovyangfx/src/lgfx/Fonts/GFXFF/FreeMono24pt7b.h,40283,839ddd4c2be473154cb82d8e59b0b55317724f9087fb487d9206e48b0a205169
firmware/esp-idf/soundnodev1/components/lovyangfx/src/lgfx/Fonts/GFXFF/FreeMono9pt7b.h,10592,a99faea6fc28743e6274865eb9ddda06729d0e1d61e049efcf066802dcfc4f19
firmware/esp-idf/soundnodev1/components/lovyangfx/src/lgfx/Fonts/GFXFF/FreeMonoBold12pt7b.h,16081,53aa555d523a600d1ec8e9db340dfb03b0ca518502ec6cfb3033788d79b8bfc8
firmware/esp-idf/soundnodev1/components/lovyangfx/src/lgfx/Fonts/GFXFF/FreeMonoBold18pt7b.h,28925,23e469ff72b1249f911ef68755f476b49a31d288bf37c12697b7d5fb3e39a31f
firmware/esp-idf/soundnodev1/components/lovyangfx/src/lgfx/Fonts/GFXFF/FreeMonoBold24pt7b.h,47327,12259b9479856b8e54183f436d36d6e139d1e564dd0d76ff1fda1ab479f0582f
firmware/esp-idf/soundnodev1/components/lovyangfx/src/lgfx/Fonts/GFXFF/FreeMonoBold9pt7b.h,11574,9aee9cce7c2416e1b1c9669185226ac7c33e3813c4353f6bdadf26f87727d61a
firmware/esp-idf/soundnodev1/components/lovyangfx/src/lgfx/Fonts/GFXFF/FreeMonoBoldOblique12pt7b.h,17570,08daf9cbf9740bc2e65493158dd91ad7a7423d13c415a7805aec13dd24c29190
firmware/esp-idf/soundnodev1/components/lovyangfx/src/lgfx/Fonts/GFXFF/FreeMonoBoldOblique18pt7b.h,31692,61bfe16e7b9f59a9261b9dd23b354a837530deac46f87a84fddecf58fa790cca
firmware/esp-idf/soundnodev1/components/lovyangfx/src/lgfx/Fonts/GFXFF/FreeMonoBoldOblique24pt7b.h,52530,bb559dc9cb192937b2a9913ad20ca2064b07ff20f5cc29b612e9f6084a0af25e
firmware/esp-idf/soundnodev1/components/lovyangfx/src/lgfx/Fonts/GFXFF/FreeMonoBoldOblique9pt7b.h,12639,30da5ea0779b286d466a6470dfedd317428f627e338f3a1fc865d009f070a0dd
firmware/esp-idf/soundnodev1/components/lovyangfx/src/lgfx/Fonts/GFXFF/FreeMonoOblique12pt7b.h,15954,89c88aa32556708837dc4a2619de3a6498107226e6141416e775dace800eaaa6
firmware/esp-idf/soundnodev1/components/lovyangfx/src/lgfx/Fonts/GFXFF/FreeMonoOblique18pt7b.h,27096,7ba43ee37b293d21937121cabca8c6589477e90c36ddc372ffd07b1106c2e861
firmware/esp-idf/soundnodev1/components/lovyangfx/src/lgfx/Fonts/GFXFF/FreeMonoOblique24pt7b.h,45214,b908bb1f719864173515e2fd377d3135871e56a51f58f66211fc81066057fbd6
firmware/esp-idf/soundnodev1/components/lovyangfx/src/lgfx/Fonts/GFXFF/FreeMonoOblique9pt7b.h,11477,5c149706d5afad5a7172728610d44e00927c85eacf0208f070cdf30de32eb2cc
firmware/esp-idf/soundnodev1/components/lovyangfx/src/lgfx/Fonts/GFXFF/FreeSans12pt7b.h,17535,18e5bf0d3706776714ab14cbc63fbe14e9ce6175af1877c59e8445f8bd906120
firmware/esp-idf/soundnodev1/components/lovyangfx/src/lgfx/Fonts/GFXFF/FreeSans18pt7b.h,31039,4d5dee62cfae56ded2b1cf17501e231dbb28fd2c3e5d67daaa88135e94f612ac
firmware/esp-idf/soundnodev1/components/lovyangfx/src/lgfx/Fonts/GFXFF/FreeSans24pt7b.h,51419,4162814ffe26ac40be001ac1608ed8b8d7ba408864fb38a7e4ae94c59a753be6
firmware/esp-idf/soundnodev1/components/lovyangfx/src/lgfx/Fonts/GFXFF/FreeSans9pt7b.h,12478,3547eea784906fb21070e92ede3bf97afc6614f26a9aabd6d0f0ad1749662969
firmware/esp-idf/soundnodev1/components/lovyangfx/src/lgfx/Fonts/GFXFF/FreeSansBold12pt7b.h,18893,584ef1f600d8f8ae8b1e0c0726af1b0eedcff5978a0a8e0b7f48d5bed3f2c38f
firmware/esp-idf/soundnodev1/components/lovyangfx/src/lgfx/Fonts/GFXFF/FreeSansBold18pt7b.h,33181,9ad6e251f11ccf6d541cad814b60386825bfd7e1afa10e1adec75af56ef8bc8d
firmware/esp-idf/soundnodev1/components/lovyangfx/src/lgfx/Fonts/GFXFF/FreeSansBold24pt7b.h,55627,c0f001bf462d9677b152852ce32b359227d6556bc34b114c0142662816fc36f7
firmware/esp-idf/soundnodev1/components/lovyangfx/src/lgfx/Fonts/GFXFF/FreeSansBold9pt7b.h,12992,cc48bca687b3ff0508ace9dfb439e03943672c3c3306586885251cff2cf7a3f4
firmware/esp-idf/soundnodev1/components/lovyangfx/src/lgfx/Fonts/GFXFF/FreeSansBoldOblique12pt7b.h,21080,e1d09ee173e5c02459a8c2ebcc57c18a824202541241972aded2bf7f812e36c6
firmware/esp-idf/soundnodev1/components/lovyangfx/src/lgfx/Fonts/GFXFF/FreeSansBoldOblique18pt7b.h,37952,bca6342f7abf9cf5a4ff135fb591af329d0c5de7d7aede406f171bca2dc45d40
firmware/esp-idf/soundnodev1/components/lovyangfx/src/lgfx/Fonts/GFXFF/FreeSansBoldOblique24pt7b.h,63705,341af6d70b65fb9485c00a106a3118a4c3b478c2d7f2f23e6dc039afc012abae
firmware/esp-idf/soundnodev1/components/lovyangfx/src/lgfx/Fonts/GFXFF/FreeSansBoldOblique9pt7b.h,14469,bd3094a6a07e681c1f29af0a5d18371d88354fc18621f242d211eb0c6bcce10a
firmware/esp-idf/soundnodev1/components/lovyangfx/src/lgfx/Fonts/GFXFF/FreeSansOblique12pt7b.h,19992,9817cf194a03238275f52c46493b9ea0cbd40fb1e140e137bdd04b2c38b64cc3
firmware/esp-idf/soundnodev1/components/lovyangfx/src/lgfx/Fonts/GFXFF/FreeSansOblique18pt7b.h,35958,66f6c858e2a41db874d976559e971aa1fd243ce67497627d032a4a21eada680b
firmware/esp-idf/soundnodev1/components/lovyangfx/src/lgfx/Fonts/GFXFF/FreeSansOblique24pt7b.h,59762,461e27356553f05be1dd20873833314764d2bceb673495c96b8c62f666745945
firmware/esp-idf/soundnodev1/components/lovyangfx/src/lgfx/Fonts/GFXFF/FreeSansOblique9pt7b.h,13865,428a13f7c5fd2b8a28cd6484d1f4d3fe8996304116aed14899fea65f416c054d
firmware/esp-idf/soundnodev1/components/lovyangfx/src/lgfx/Fonts/GFXFF/FreeSerif12pt7b.h,16738,a5b9d521f6caf0d66b72cdf8d7d0dc24e88cf5eac534c125efa88e18206d6278
firmware/esp-idf/soundnodev1/components/lovyangfx/src/lgfx/Fonts/GFXFF/FreeSerif18pt7b.h,29360,e40674814569e6e8ace652241a28153f4a0545b2be263a202470742bf15e8250
firmware/esp-idf/soundnodev1/components/lovyangfx/src/lgfx/Fonts/GFXFF/FreeSerif24pt7b.h,48626,f0fba3f8e0a60117e42b70788426e388baa1f66bca0f18e5722c456b4f17fe91
firmware/esp-idf/soundnodev1/components/lovyangfx/src/lgfx/Fonts/GFXFF/FreeSerif9pt7b.h,12051,9c793b10d814981a8bafb8d44bdcbd0276f157917efaeed39bd02993048d895b
firmware/esp-idf/soundnodev1/components/lovyangfx/src/lgfx/Fonts/GFXFF/FreeSerifBold12pt7b.h,17694,f88e3eb07c91ff64254063639aab9ecabb6e5e4da9038b93277f3d22ee6b05f6
firmware/esp-idf/soundnodev1/components/lovyangfx/src/lgfx/Fonts/GFXFF/FreeSerifBold18pt7b.h,31768,f1e12e09c8707570dd62852c7e4fff9b3a248b53180bc9b06e6d24ec1bd62d43
firmware/esp-idf/soundnodev1/components/lovyangfx/src/lgfx/Fonts/GFXFF/FreeSerifBold24pt7b.h,53806,2243a6e1bfc30d9cdcb77bd3a6bc11284db055dd28a3ae1dc3e58e62a1563d40
firmware/esp-idf/soundnodev1/components/lovyangfx/src/lgfx/Fonts/GFXFF/FreeSerifBold9pt7b.h,12577,c94063a5e0d496c7322500d8e8ef3351483e50497a1dfa7dc5ac32fa203a4469
firmware/esp-idf/soundnodev1/components/lovyangfx/src/lgfx/Fonts/GFXFF/FreeSerifBoldItalic12pt7b.h,19248,072553e5b212e7b6870055db14c6f5e028d350277d9c5efa241a92151fdb92cf
firmware/esp-idf/soundnodev1/components/lovyangfx/src/lgfx/Fonts/GFXFF/FreeSerifBoldItalic18pt7b.h,34664,7f2f35c41d7d4baeef002d422a74dd9b4771cb4cdc265391debe3f4e99ba6612
firmware/esp-idf/soundnodev1/components/lovyangfx/src/lgfx/Fonts/GFXFF/FreeSerifBoldItalic24pt7b.h,56292,146b89f544b1c81f0b88dd3fe1255a29b80c843f3a4a0edbf9a98a13693bd108
firmware/esp-idf/soundnodev1/components/lovyangfx/src/lgfx/Fonts/GFXFF/FreeSerifBoldItalic9pt7b.h,13521,f48b95e218f28c6b94c5658a705f6048a093bf31373bee98f6a2320c4d56cfb5
firmware/esp-idf/soundnodev1/components/lovyangfx/src/lgfx/Fonts/GFXFF/FreeSerifItalic12pt7b.h,17662,59d93e17b5880ea4f53c33e0bbd41d9bd5e193c15b551d5773333df6d42a4bc6
firmware/esp-idf/soundnodev1/components/lovyangfx/src/lgfx/Fonts/GFXFF/FreeSerifItalic18pt7b.h,30914,8d52e8449adc9f19124f3ddc1daf56530149b35b2b10adb73c22ad14109fed92
firmware/esp-idf/soundnodev1/components/lovyangfx/src/lgfx/Fonts/GFXFF/FreeSerifItalic24pt7b.h,52164,7516f72716057841b71224c78a5cbefdefbbcf7626db2455730411e5387be0c6
firmware/esp-idf/soundnodev1/components/lovyangfx/src/lgfx/Fonts/GFXFF/FreeSerifItalic9pt7b.h,12593,4967bb4a9e420b7904cc06c03fe1fcf2336a4e187d7d5895e6e38d9672bbd55f
firmware/esp-idf/soundnodev1/components/lovyangfx/src/lgfx/Fonts/GFXFF/TomThumb.h,24111,a887f5cabf1510c33c484aed79f3716ef690b38992bc0b6c2fce84d570f49af9
firmware/esp-idf/soundnodev1/components/lovyangfx/src/lgfx/Fonts/GFXFF/license.txt,1344,3e7bede50526352926c2283e640f2823d9f9f2165d1852044c4fb1bbac283106
firmware/esp-idf/soundnodev1/components/lovyangfx/src/lgfx/Fonts/IPA/IPA_Font_License_Agreement_v1.0.txt,20447,272f7f805dfafd3cd9b7c5d99f38133664caacdf5b6ae1ed059f1b051ecad3c2
firmware/esp-idf/soundnodev1/components/lovyangfx/src/lgfx/Fonts/IPA/README.md,8661,8f6056a1b655b157bae884f668e470c46dfef0126446675fa20aa35850b46043
firmware/esp-idf/soundnodev1/components/lovyangfx/src/lgfx/Fonts/IPA/ja.map,29965,c39ad435a0c8f6fe230597e740e1f9853bc4b3a2b85435a02eb3dca23e7ac5e9
firmware/esp-idf/soundnodev1/components/lovyangfx/src/lgfx/Fonts/IPA/lgfx_font_japan.c,28964077,34c120957e5b7f9b3fd72e921b4a829357bac3d199e91ebaa4589f07c983e2c9
firmware/esp-idf/soundnodev1/components/lovyangfx/src/lgfx/Fonts/IPA/lgfx_font_japan.h,2021,e5e324c22685e299f8f928c600614150a881b27c93274f1714c0d6b36bce6cf4
firmware/esp-idf/soundnodev1/components/lovyangfx/src/lgfx/Fonts/efont/COPYRIGHT.txt,1486,27c2942bbe8da9d5a8128695763d9a1da8d1697683ece43d7197f32a2de5c731
firmware/esp-idf/soundnodev1/components/lovyangfx/src/lgfx/Fonts/efont/lgfx_efont_cn.c,17654736,ceb7bae98279b5b196a4742b0814970d095ddcaabea8a9ac3cebe1e1f7add873
firmware/esp-idf/soundnodev1/components/lovyangfx/src/lgfx/Fonts/efont/lgfx_efont_cn.h,1010,e37f7fe56350830772e2af297d851f7a518588759f18c8bfa3c842e0fba1c1de
firmware/esp-idf/soundnodev1/components/lovyangfx/src/lgfx/Fonts/efont/lgfx_efont_ja.c,24975702,a478967b466608d6e6d990f6d1994cceb53b394ff07da61e9d390628f007a047
firmware/esp-idf/soundnodev1/components/lovyangfx/src/lgfx/Fonts/efont/lgfx_efont_ja.h,1010,706d7cc4b2db6910b767a5b3fa93ae60a0c9772a8d6f45737ebe1e46c49d85aa
firmware/esp-idf/soundnodev1/components/lovyangfx/src/lgfx/Fonts/efont/lgfx_efont_kr.c,18349297,e70396ed0dcf55c1d199a102a6ef977215c56ba514d180a1bf65ef6047698a2d
firmware/esp-idf/soundnodev1/components/lovyangfx/src/lgfx/Fonts/efont/lgfx_efont_kr.h,1010,0805cb8068ac58dba5b08b68fa8c6fb22144d51dfbdcb43df07ba7de83974e24
firmware/esp-idf/soundnodev1/components/lovyangfx/src/lgfx/Fonts/efont/lgfx_efont_tw.c,33223731,11d746d867c05cb1ea349689d2f77c5d9ec2b1e9194f363171c49c94f115f581
firmware/esp-idf/soundnodev1/components/lovyangfx/src/lgfx/Fonts/efont/lgfx_efont_tw.h,1010,29afca466d7ca7def67911716306dad3f281abad5293d8c763760e14f9b794d8
firmware/esp-idf/soundnodev1/components/lovyangfx/src/lgfx/Fonts/glcdfont.h,9954,f11beeaa06b8eb7605e9192636bbe6f9f810f7281aa24406f26109a7011e9ceb
firmware/esp-idf/soundnodev1/components/lovyangfx/src/lgfx/boards.hpp,1786,0ef2d40a7a6e4830db238a64117594a2c722c4486a13ef4ac419efc7356e0224
firmware/esp-idf/soundnodev1/components/lovyangfx/src/lgfx/internal/algorithm.h,989,a901584069fc446777067852e760612e10c78a0b09cae8882895562f7ebe48c4
firmware/esp-idf/soundnodev1/components/lovyangfx/src/lgfx/internal/alloca.h,173,83fb3717dafe0d34c07231bda3cb2466caf22e64cfeb1f424e4f3c69b7fc1f78
firmware/esp-idf/soundnodev1/components/lovyangfx/src/lgfx/internal/limits.h,155,85b82587b2e0297c95ec4dee5526f3b5e45bb8310a7e772f299f929c511e0b16
firmware/esp-idf/soundnodev1/components/lovyangfx/src/lgfx/internal/memory.h,417,9ecf95c4f6e5f24362049bee519f52c7ddfa84630736ce4865d1a82a20bf1007
firmware/esp-idf/soundnodev1/components/lovyangfx/src/lgfx/utility/lgfx_miniz.c,234403,069f08db6105969b3fa677160a66deb2a5d630e5283d8f371cccb429ed4d0926
firmware/esp-idf/soundnodev1/components/lovyangfx/src/lgfx/utility/lgfx_miniz.h,60,521e3b3301bab2ed6ae266486b2a930c2aded631452d1b070c25ee3771af3f89
firmware/esp-idf/soundnodev1/components/lovyangfx/src/lgfx/utility/lgfx_pngle.c,21816,956484401ae47dcd017397fe489302c85feeef9affcab24680c6dbb5fc93a374
firmware/esp-idf/soundnodev1/components/lovyangfx/src/lgfx/utility/lgfx_pngle.h,2650,d53757a618d9b44fe0bd152c1e497a04e71ed7d9b615ec611909662b63c82719
firmware/esp-idf/soundnodev1/components/lovyangfx/src/lgfx/utility/lgfx_qoi.c,12179,c685700eb36574a9763dbf2e98dfdd2b75b6de3729a0590d609e224d25806111
firmware/esp-idf/soundnodev1/components/lovyangfx/src/lgfx/utility/lgfx_qoi.h,1928,f498e6c3eab78042991155704124af154f5acfc39e6d4d56d28b0c842efecd92
firmware/esp-idf/soundnodev1/components/lovyangfx/src/lgfx/utility/lgfx_qrcode.c,31979,0773be06d86a9e6cbe58819f1db021bf2d7762a76d949d0347aaf33018a09857
firmware/esp-idf/soundnodev1/components/lovyangfx/src/lgfx/utility/lgfx_qrcode.h,2963,a2658e4af1d9bbb1974a50868e177461498c35e6c1d12fadf7522b7b8281c720
firmware/esp-idf/soundnodev1/components/lovyangfx/src/lgfx/utility/lgfx_tjpgd.c,36577,3b2dbd5b3aa0135b3af9557fab936f3acc0873cc638d35111510487ea393bd4a
firmware/esp-idf/soundnodev1/components/lovyangfx/src/lgfx/utility/lgfx_tjpgd.h,3656,c2d5c8d281136ce1b01946c83e6099301560a0295d80902d1be6727692943e7b
firmware/esp-idf/soundnodev1/components/lovyangfx/src/lgfx/utility/pgmspace.h,3434,c109caabc07adff07ab930fa02104e8a3d1e05a2eafe386bad945e4a77d4ad9b
firmware/esp-idf/soundnodev1/components/lovyangfx/src/lgfx/utility/result.hpp,212355,cb206296209a5a6afe7c803c50efa2e1c7923c6e31de9190de9e082288f28687
firmware/esp-idf/soundnodev1/components/lovyangfx/src/lgfx/v1/Bus.hpp,5957,eb60f7591c3e70640b67778449d35c7329a68237124e3ac6042394615469a06e
firmware/esp-idf/soundnodev1/components/lovyangfx/src/lgfx/v1/LGFXBase.cpp,109723,5953ac3e33cd5ee4f1b8e9efa0018315026284734ac5b8ebad1dea36975a557e
firmware/esp-idf/soundnodev1/components/lovyangfx/src/lgfx/v1/LGFXBase.hpp,84842,9b36b34a90fa89c4a28e67b778a5c4fd9b1867f9ea58476db1810ab8acb4985d
firmware/esp-idf/soundnodev1/components/lovyangfx/src/lgfx/v1/LGFX_Button.cpp,2383,da7676932ee92faa810f3a0989c6e1331c6cbe210c6ec402d739312919848242
firmware/esp-idf/soundnodev1/components/lovyangfx/src/lgfx/v1/LGFX_Button.hpp,4129,e73f2f6b013b34c9c0125b80ef7f533b97d6d2cedfce121dc9bb8b898364b5b4
firmware/esp-idf/soundnodev1/components/lovyangfx/src/lgfx/v1/LGFX_Sprite.cpp,21407,e101f3f09631fc23f4a42c3910f86663391d6433f98ed22b3ff7456ba7e60346
firmware/esp-idf/soundnodev1/components/lovyangfx/src/lgfx/v1/LGFX_Sprite.hpp,20841,a7320220753e0bd367e746bea2a125c725849c9e1be455d75dc26e436bbda6e2
firmware/esp-idf/soundnodev1/components/lovyangfx/src/lgfx/v1/Light.hpp,1093,4e23ca60b5a52a70aec30326704c53db4819bb283ed11db82f8577b8add02e63
firmware/esp-idf/soundnodev1/components/lovyangfx/src/lgfx/v1/Panel.hpp,6543,fc3850f675f6fb09c9b1aafc45ad5903c1fc0a1d10a60ab39e288d7968a3d4a3
firmware/esp-idf/soundnodev1/components/lovyangfx/src/lgfx/v1/Touch.hpp,2352,60dfad8ebc258e890859972c3d19e6ea46d43d31740ed7a76f9947524b65a533
firmware/esp-idf/soundnodev1/components/lovyangfx/src/lgfx/v1/gitTagVersion.h,184,a4caee65627bd689d7e3d0ecccc96b8b5453749d4905c4b3e3284cac016a2706
firmware/esp-idf/soundnodev1/components/lovyangfx/src/lgfx/v1/lgfx_filesystem_support.hpp,25391,aeb4d95b04557ec56bb8e3f6ec7c0eeb9cd33b49d952bf7a40d66cf7db04c215
firmware/esp-idf/soundnodev1/components/lovyangfx/src/lgfx/v1/lgfx_fonts.cpp,50456,4ac3b0f778fadf09aaf2fe87edb40cf3a237fc99268081d130dc2e05fbe57d88
firmware/esp-idf/soundnodev1/components/lovyangfx/src/lgfx/v1/lgfx_fonts.hpp,21143,747289869690db070d9a9859afa44833f1d0c98c8c467de88bebc651eb537295
firmware/esp-idf/soundnodev1/components/lovyangfx/src/lgfx/v1/misc/DataWrapper.hpp,10746,98f23f2b98cd6316ebd0091540c6ccbf60dfa5a080586eb6a20d8bb56eeede83
firmware/esp-idf/soundnodev1/components/lovyangfx/src/lgfx/v1/misc/DividedFrameBuffer.cpp,2854,54dd2ddc2a43dd04481d5f9b48bf8dcc3c090e520ce74982cfe2274b263b2464
firmware/esp-idf/soundnodev1/components/lovyangfx/src/lgfx/v1/misc/DividedFrameBuffer.hpp,2947,7978135426da6aa79ae03efeb8d69833b2057f92f770a763ea077f10613cbacc
firmware/esp-idf/soundnodev1/components/lovyangfx/src/lgfx/v1/misc/SpriteBuffer.cpp,4196,ff05316c7703520a19feacd11fc850dec8f4cfa123082ce0ff5ff38899fccbd3
firmware/esp-idf/soundnodev1/components/lovyangfx/src/lgfx/v1/misc/SpriteBuffer.hpp,2168,cca22b1f0688ba5dc118893ed383cedd88fd53e3f68d6888a338df40ad586d58
firmware/esp-idf/soundnodev1/components/lovyangfx/src/lgfx/v1/misc/bitmap.hpp,4218,478d6f83ee5f5f955669126e6e90da0f1b0bb3966c551e269940b4ab010945d3
firmware/esp-idf/soundnodev1/components/lovyangfx/src/lgfx/v1/misc/colortype.hpp,63638,474934367eba2e3a1019b109607a5f5384c18b572d44eb66661e5f7830412f60
firmware/esp-idf/soundnodev1/components/lovyangfx/src/lgfx/v1/misc/common_function.cpp,1284,7909f30e675ff30b208d79b7d0e9d64bcc7a6b38711f2499ef37d25b152148fc
firmware/esp-idf/soundnodev1/components/lovyangfx/src/lgfx/v1/misc/common_function.hpp,336,53057602a323e8255a9618f8a20742e7fd7872848a977ca5f70fba120cadfc87
firmware/esp-idf/soundnodev1/components/lovyangfx/src/lgfx/v1/misc/enum.hpp,10513,05c5623e809e5e7873ec2ffe2926d130076b22fdafddc0706813ab2a77b2047c
firmware/esp-idf/soundnodev1/components/lovyangfx/src/lgfx/v1/misc/pixelcopy.cpp,10566,e2055c83d1ad38bf66708d2159df26eb95be3b843f98b9447dcaae7203ff04f7
firmware/esp-idf/soundnodev1/components/lovyangfx/src/lgfx/v1/misc/pixelcopy.hpp,21678,177238084209e1e28b44284c99a1abf9c49c74f37c0ff519023e36dda197dd43
firmware/esp-idf/soundnodev1/components/lovyangfx/src/lgfx/v1/misc/range.hpp,2301,aebfb91cfe16baa1ebd94132c49a962857761d5b2de30a75b0271086e16158db
firmware/esp-idf/soundnodev1/components/lovyangfx/src/lgfx/v1/panel/Panel_AMOLED.cpp,24546,bc4762181985b1aae36a53665a3da37d9a0d7eeef503a56ad5485e177cd2c444
firmware/esp-idf/soundnodev1/components/lovyangfx/src/lgfx/v1/panel/Panel_AMOLED.hpp,5436,0ce1006722a1263a797d1880619921fdcf6e96d191819f9966abed4f43bd6604
firmware/esp-idf/soundnodev1/components/lovyangfx/src/lgfx/v1/panel/Panel_CO5300.hpp,2589,2b67ea24ef92bb5575d2a0361be4f7d4bb77aaae48c66ac0bb4d07e64c5d2186
firmware/esp-idf/soundnodev1/components/lovyangfx/src/lgfx/v1/panel/Panel_Device.cpp,12944,62d68c0cbebe8dc3cb64fa7098b340c48120d517c7cfeafa594e3ec2f214b5ce
firmware/esp-idf/soundnodev1/components/lovyangfx/src/lgfx/v1/panel/Panel_Device.hpp,9985,2dcb55895b5ec1d0a83d409a0ac2144f38a3eaf4e0f40f9b184752a86eef3662
firmware/esp-idf/soundnodev1/components/lovyangfx/src/lgfx/v1/panel/Panel_EPDiy.cpp,9003,084500b4e7ffb84d2f09d51aaf0cc23fab68ae22a6a3dbcd67991c4ae56afa46
firmware/esp-idf/soundnodev1/components/lovyangfx/src/lgfx/v1/panel/Panel_EPDiy.hpp,2934,cdda7427424b406c91b61e08f5571e5871378b47ecc4b6d5cfe91c7a33ebc08d
firmware/esp-idf/soundnodev1/components/lovyangfx/src/lgfx/v1/panel/Panel_FlexibleFrameBuffer.cpp,9253,8c1218448104cc111125a9da2fefb2396c39c51b21ab3c4b2d0fecb94381a8df
firmware/esp-idf/soundnodev1/components/lovyangfx/src/lgfx/v1/panel/Panel_FlexibleFrameBuffer.hpp,3255,870f8f110dac24198c0d72b8de15cc452fafb0caecc5ba21f839028c8bfcc882
firmware/esp-idf/soundnodev1/components/lovyangfx/src/lgfx/v1/panel/Panel_FrameBufferBase.cpp,16494,9f4526b98e8a0f7c20aea50df23fd51c8fc18c1f9a66638aabf3a55e98738d67
firmware/esp-idf/soundnodev1/components/lovyangfx/src/lgfx/v1/panel/Panel_FrameBufferBase.hpp,3077,4dfcf156ebeaba9c188b08ed69d058401a42e42e51654e0f5458457df9f4d279
firmware/esp-idf/soundnodev1/components/lovyangfx/src/lgfx/v1/panel/Panel_GC9A01.hpp,11869,77842548345afad092c895c0723864a073746b2284991f1b0e691d2798b4fcf0
firmware/esp-idf/soundnodev1/components/lovyangfx/src/lgfx/v1/panel/Panel_GDEW0154D67.cpp,16618,2a721cfdf08aff83c3ada996a454432e468d801260e357b134b924aff1d9ce56
firmware/esp-idf/soundnodev1/components/lovyangfx/src/lgfx/v1/panel/Panel_GDEW0154D67.hpp,3573,4d01b9b2c76565f84f98553014074fe6dbf7b8ef166e3696ec60c61c17260682
firmware/esp-idf/soundnodev1/components/lovyangfx/src/lgfx/v1/panel/Panel_GDEW0154M09.cpp,11043,d6e04f38b239a08f053477c8325786a6a07fd6a0965c65c333fd976834ab41ef
firmware/esp-idf/soundnodev1/components/lovyangfx/src/lgfx/v1/panel/Panel_GDEW0154M09.hpp,5511,c9b875b0713b0906658ba4d5badb6eba34aabb21abd33b0a5072ff1483e6413e
firmware/esp-idf/soundnodev1/components/lovyangfx/src/lgfx/v1/panel/Panel_HUB75.cpp,8726,ad6964755cf2d346cebaf23d3a18844df440800f13785bb90a08a9c3d701a31c
firmware/esp-idf/soundnodev1/components/lovyangfx/src/lgfx/v1/panel/Panel_HUB75.hpp,3570,90c94ff1cd6e916bae853bdebf268def34b5554143ceb0cc4fd19528f322e5c2
firmware/esp-idf/soundnodev1/components/lovyangfx/src/lgfx/v1/panel/Panel_HasBuffer.cpp,4323,e632a887e3ec066e64c760b0879454cb4759a751d358eda7a0f7dac4ea2299ce
firmware/esp-idf/soundnodev1/components/lovyangfx/src/lgfx/v1/panel/Panel_HasBuffer.hpp,1749,f3a4ac7d186252af8c01d505f2661386f1bbda4020686e1274ccfd51abc336cd
firmware/esp-idf/soundnodev1/components/lovyangfx/src/lgfx/v1/panel/Panel_ILI9163.hpp,3048,fcdc6056416287569cac127ab11e1cf9321d090183aa2cfd121d7e890f75fd9c
firmware/esp-idf/soundnodev1/components/lovyangfx/src/lgfx/v1/panel/Panel_ILI9225.cpp,5344,b1fe494d427b5ba5fe140ac69fe710185895f6fcedfb67971084af3b19e92f83
firmware/esp-idf/soundnodev1/components/lovyangfx/src/lgfx/v1/panel/Panel_ILI9225.hpp,3289,a722fc14a29c4e0f3455fd5109e9228e06e20e4ef773373df6c181da06807354
firmware/esp-idf/soundnodev1/components/lovyangfx/src/lgfx/v1/panel/Panel_ILI9341.hpp,5689,3c1f157b6ca5e50f36b51ff45eaae5038d9f8b53033b7f9e4370fff05def8e09
firmware/esp-idf/soundnodev1/components/lovyangfx/src/lgfx/v1/panel/Panel_ILI9342.hpp,2299,482d95885b4f32f332ecb021b19420c8c264f106d5b2ff4b09c391a1df4ec217
firmware/esp-idf/soundnodev1/components/lovyangfx/src/lgfx/v1/panel/Panel_ILI948x.hpp,13673,680e24ac0ac2686b079e95f77771a69ce1a1784c8bc63e451bf0384223ef5ac2
firmware/esp-idf/soundnodev1/components/lovyangfx/src/lgfx/v1/panel/Panel_ILI9806.hpp,4407,b6c65553f4425eb2eca75e3127171fbb868ba01090e278112a26143f726bed03
firmware/esp-idf/soundnodev1/components/lovyangfx/src/lgfx/v1/panel/Panel_IT8951.cpp,25990,129ef920460a51d23be7d62400096741a3ef201c85d17606a45c59f04266754d
firmware/esp-idf/soundnodev1/components/lovyangfx/src/lgfx/v1/panel/Panel_IT8951.hpp,4334,57e645f6d4d3983dbfc403524a1ae4a9d4ae29319baeabfbcf264a668551ecb4
firmware/esp-idf/soundnodev1/components/lovyangfx/src/lgfx/v1/panel/Panel_LCD.cpp,13164,41a9057ac51aca7e50764d6084055807074ee8df8c3f31cb29c7e4f692b4c558
firmware/esp-idf/soundnodev1/components/lovyangfx/src/lgfx/v1/panel/Panel_LCD.hpp,5684,aaf66db25ad1396c448c86f889812792e51ab1d28af2e4bd374fab1df6c21364
firmware/esp-idf/soundnodev1/components/lovyangfx/src/lgfx/v1/panel/Panel_M5HDMI.cpp,45371,ac1ea813a8f107d19e7ab3819b476c0cef181f8188f2cac053cd173182e4c01b
firmware/esp-idf/soundnodev1/components/lovyangfx/src/lgfx/v1/panel/Panel_M5HDMI.hpp,14675,a34849518ad59194b8bcc994012587c76e733dbf1d004fccd5c180e7f40dc25d
firmware/esp-idf/soundnodev1/components/lovyangfx/src/lgfx/v1/panel/Panel_M5HDMI_FS.h,1392423,d31ce2f3eee6c7a09992a15e5dcaf36a3552963fde0fb2cffe52e20ed9e1c97e
firmware/esp-idf/soundnodev1/components/lovyangfx/src/lgfx/v1/panel/Panel_M5UnitGLASS.cpp,6620,ca5efa4beff03b760304ec47e7dc10039e70ad9fe932ca0011c36bebc88e4dc7
firmware/esp-idf/soundnodev1/components/lovyangfx/src/lgfx/v1/panel/Panel_M5UnitGLASS.hpp,3348,19726a1b9269783119f60a3ce6eb494c3fabd8a7cb4586cf5cbf85a18c6a845f
firmware/esp-idf/soundnodev1/components/lovyangfx/src/lgfx/v1/panel/Panel_M5UnitLCD.cpp,17503,49272911ab42880239b0284cb29ac8e8ac6d5623ecc5486451806a966ddfe15c
firmware/esp-idf/soundnodev1/components/lovyangfx/src/lgfx/v1/panel/Panel_M5UnitLCD.hpp,9746,b8955910bca506cc28d53b1015f0019bcff23a76eb66efec554a6e5adb265930
firmware/esp-idf/soundnodev1/components/lovyangfx/src/lgfx/v1/panel/Panel_NT35510.cpp,8935,0067e0499c0f7b80ebba9fee9375fbfcc93f0f5b3c7f528990ea5acb81f831c4
firmware/esp-idf/soundnodev1/components/lovyangfx/src/lgfx/v1/panel/Panel_NT35510.hpp,1732,b252f121001928aa23a16a2d0f32879e5246cf9fae7a064247e5eb774b56222e
firmware/esp-idf/soundnodev1/components/lovyangfx/src/lgfx/v1/panel/Panel_NV3041A.cpp,16448,5d0b5ef1131e1fc7b2f8cc780ba904642a10b61b557e76ae41cd95cab8c6c3ef
firmware/esp-idf/soundnodev1/components/lovyangfx/src/lgfx/v1/panel/Panel_NV3041A.hpp,9445,bab47f5dcbc0f70a10fc04f72b4cb0be65fa158cf1e11916f108e7f71da1392a
firmware/esp-idf/soundnodev1/components/lovyangfx/src/lgfx/v1/panel/Panel_R61529.hpp,3253,c1244b166f722c82208845476182e06c7e5485a197f1b8a5cbba9834ba7568c6
firmware/esp-idf/soundnodev1/components/lovyangfx/src/lgfx/v1/panel/Panel_RA8875.cpp,18272,0cc7c122b7b9dbec137ab34d30c9536e2bb8b84f1aec6bc2e860541c56283ee2
firmware/esp-idf/soundnodev1/components/lovyangfx/src/lgfx/v1/panel/Panel_RA8875.hpp,3583,d9e11d13aab1a562f928d0ef5f7f9464d8903375894a88890ebf3e0cccfa4a19
firmware/esp-idf/soundnodev1/components/lovyangfx/src/lgfx/v1/panel/Panel_RM67162.hpp,3121,51134e5a426bef61b70aa4af1c20d5d6d2f3a0623c6f6fe8e5aeffadba97cbf6
firmware/esp-idf/soundnodev1/components/lovyangfx/src/lgfx/v1/panel/Panel_RM68120.cpp,12461,e8f8262a229a01c427782b7e22ae145e7d64c26478fe8f7288fbb926e16e58f5
firmware/esp-idf/soundnodev1/components/lovyangfx/src/lgfx/v1/panel/Panel_RM68120.hpp,1616,79b73060c3b55479b3d7a317de8462d7b15c7a4a6bddb0125351b62df589489f
firmware/esp-idf/soundnodev1/components/lovyangfx/src/lgfx/v1/panel/Panel_RM690B0.hpp,2838,f39bc77dc9d14cc9689fdafc3ede34be134d52076b9e2c453680a461ef1f8fac
firmware/esp-idf/soundnodev1/components/lovyangfx/src/lgfx/v1/panel/Panel_S6D04K1.hpp,3261,62bc3def487e885a7d403fcb4046298b226de60bb6f0b8e450ae7fa3ce544832
firmware/esp-idf/soundnodev1/components/lovyangfx/src/lgfx/v1/panel/Panel_SH8601Z.cpp,18153,535a9d5a8dd2237e702ccb0adb757693470e5e4d5be51f6477d457bbfc711e69
firmware/esp-idf/soundnodev1/components/lovyangfx/src/lgfx/v1/panel/Panel_SH8601Z.hpp,2873,14e40982187ef4c4971497e75d6733f69b33aaa7eaf7e943ef4e70d2d1a163e3
firmware/esp-idf/soundnodev1/components/lovyangfx/src/lgfx/v1/panel/Panel_SSD1306.cpp,12385,e93e350ac1a2498b73bbf939ba51cf1538cc21ca9e74ee6f3df190c8f1b28778
firmware/esp-idf/soundnodev1/components/lovyangfx/src/lgfx/v1/panel/Panel_SSD1306.hpp,8969,4da4d21ec2b98d6f11b7746844c60afbdafd7057eb08d504db2cbadfe0714c77
firmware/esp-idf/soundnodev1/components/lovyangfx/src/lgfx/v1/panel/Panel_SSD1327.cpp,8410,b64d68016aa08b7a7c0173a2a48c2d31fbf8901e782cda4dee6a48fb173698a6
firmware/esp-idf/soundnodev1/components/lovyangfx/src/lgfx/v1/panel/Panel_SSD1327.hpp,4071,32f6cbedbd3acbe00948a9c0a2350c5ad037b62f4ce3ea39ffedb95c9f0ea020
firmware/esp-idf/soundnodev1/components/lovyangfx/src/lgfx/v1/panel/Panel_SSD1331.cpp,6232,0ad1b5de042994bbb9c43465559af73348af7ea1ef798bdba35d9abc54416068
firmware/esp-idf/soundnodev1/components/lovyangfx/src/lgfx/v1/panel/Panel_SSD1331.hpp,5987,49ba68509f1bb32b7536962a22ca2d0b03c815f866d081d7409f42b651ff1f38
firmware/esp-idf/soundnodev1/components/lovyangfx/src/lgfx/v1/panel/Panel_SSD1351.cpp,3285,2406f2a2527f799d86cfbd2b5449ea1aaaccaa4d9befeec4c459b00859e9a386
firmware/esp-idf/soundnodev1/components/lovyangfx/src/lgfx/v1/panel/Panel_SSD1351.hpp,3899,327bd519796ea4bc8875a7d6c630661371efbbc4d91d68ff79f046ff78181d8b
firmware/esp-idf/soundnodev1/components/lovyangfx/src/lgfx/v1/panel/Panel_SSD1963.cpp,9262,fabd0a8cb943c637e595413d8db28e3283dff250c118e52e5b1460b6b82b1904
firmware/esp-idf/soundnodev1/components/lovyangfx/src/lgfx/v1/panel/Panel_SSD1963.hpp,2683,85567c7789f6760ca39ac5ac1dd084c846a32e0a2e1312afead11ec57254b64f
firmware/esp-idf/soundnodev1/components/lovyangfx/src/lgfx/v1/panel/Panel_ST7735.hpp,7970,6a4ed16c276a1c8db182eb5eb22942b2205ba7b42d46567a3399c2d1f0e84e69
firmware/esp-idf/soundnodev1/components/lovyangfx/src/lgfx/v1/panel/Panel_ST7789.hpp,3517,59076528a04cf530b21acdd0dc66ccb98099b8a64e1bde7326cfc511d95f092a
firmware/esp-idf/soundnodev1/components/lovyangfx/src/lgfx/v1/panel/Panel_ST7789P3.hpp,2394,8598e98bf833c939353e1c5e42aa14e8d80aadce92095657be78330f37f4b05f
firmware/esp-idf/soundnodev1/components/lovyangfx/src/lgfx/v1/panel/Panel_ST7796.hpp,4244,1f87e79b1dbad7dfbf71d6af0d21664343a274a1b39a2e20e708150611889fb1
firmware/esp-idf/soundnodev1/components/lovyangfx/src/lgfx/v1/panel/Panel_ST77961.hpp,10850,f16f28109ae6a5643f52c183eca822b12eb6c6dd43f720d68821c1f11a651bcc
firmware/esp-idf/soundnodev1/components/lovyangfx/src/lgfx/v1/panel/Panel_SharpLCD.cpp,12253,bafec4a72dc6651ef353738fae0df6378b322d8f5d0287f9fb300086968c50e4
firmware/esp-idf/soundnodev1/components/lovyangfx/src/lgfx/v1/panel/Panel_SharpLCD.hpp,4354,0c63b2b60d01922c64e26c12acf7ad78df46c245c93ae19e5cd01b425ac7a97c
firmware/esp-idf/soundnodev1/components/lovyangfx/src/lgfx/v1/platforms/arduino_default/Bus_SPI.cpp,5128,0efda289b65c6705335661e68bef6a69fd3ffe09e4005dc37bcfb6e5cc8c37c8
firmware/esp-idf/soundnodev1/components/lovyangfx/src/lgfx/v1/platforms/arduino_default/Bus_SPI.hpp,3066,fd2e3f4fb0fc8cbdfd3a428780828cfbe4fb2a10315c825b75390d54edbf61aa
firmware/esp-idf/soundnodev1/components/lovyangfx/src/lgfx/v1/platforms/arduino_default/Bus_Stream.cpp,3262,e96a6160ea8395e8ff8a48f51bbd4cbc5d46030904766bc10279a7eac17a3dc5
firmware/esp-idf/soundnodev1/components/lovyangfx/src/lgfx/v1/platforms/arduino_default/Bus_Stream.hpp,2536,a2b6215d7a232caa198bea86dc3d163abd3300e909bd2323c716db14cdaa62d6
firmware/esp-idf/soundnodev1/components/lovyangfx/src/lgfx/v1/platforms/arduino_default/common.cpp,8133,eb978f77dc6da62fcdcf970f74800dd2d15d6cbc9d875f941688061cebd4d2bd
firmware/esp-idf/soundnodev1/components/lovyangfx/src/lgfx/v1/platforms/arduino_default/common.hpp,5391,faa45eb210d23524ec857c431fe7edd79d65bebf98b6b5e7935abed4b49a1de1
firmware/esp-idf/soundnodev1/components/lovyangfx/src/lgfx/v1/platforms/common.hpp,5999,1fe126c7f561b1e1a8dd755d3574d6fbf605ca29162e0947af23828063e21aba
firmware/esp-idf/soundnodev1/components/lovyangfx/src/lgfx/v1/platforms/device.hpp,2792,8a757be052a380c4397b36b085a19e16288d39b365128e580bc1a9147d024041
firmware/esp-idf/soundnodev1/components/lovyangfx/src/lgfx/v1/platforms/esp32/Bus_EPD.cpp,4941,cd47ee9780c54c4d3c0750cba1def3e3585a2581d65370d39fddde450353b17f
firmware/esp-idf/soundnodev1/components/lovyangfx/src/lgfx/v1/platforms/esp32/Bus_EPD.h,2874,b48689aea6b83e8c332e14b6cef83ac4ac1f6c63b8ca7d9ea67cf60d0035e4bb
firmware/esp-idf/soundnodev1/components/lovyangfx/src/lgfx/v1/platforms/esp32/Bus_HUB75.cpp,56734,577cf904e7c9d4ec990addeef95daf30c3764ca753c603c1538b1b5762ba043c
firmware/esp-idf/soundnodev1/components/lovyangfx/src/lgfx/v1/platforms/esp32/Bus_HUB75.hpp,5511,a9b0b29d367c733dab56ad8732251ce9a436150a69ce90eecf7e6a8dffe7b683
firmware/esp-idf/soundnodev1/components/lovyangfx/src/lgfx/v1/platforms/esp32/Bus_I2C.cpp,7215,1233868123f31c60eac17406e8cc36d6e3ac9bd435c57167e9b737a6b371c82b
firmware/esp-idf/soundnodev1/components/lovyangfx/src/lgfx/v1/platforms/esp32/Bus_I2C.hpp,3011,9de667ea41dc7839c9105b6691c2649440834272dfe56a27bc245c2ce88a89c7
firmware/esp-idf/soundnodev1/components/lovyangfx/src/lgfx/v1/platforms/esp32/Bus_Parallel8.cpp,17952,a5dfc9c50ff4e95b54f07798f7551a4a395b88fabf2c6732f03cd58ac86929eb
firmware/esp-idf/soundnodev1/components/lovyangfx/src/lgfx/v1/platforms/esp32/Bus_Parallel8.hpp,3915,afe50ccd15592d13c07e02b0866b2b377610a4ba1fb62c461281dff74b160478
firmware/esp-idf/soundnodev1/components/lovyangfx/src/lgfx/v1/platforms/esp32/Bus_SPI.cpp,35104,2a4ebac721be75734323a8e73b068822c1b3a0292414992a1850d6555b1a8729
firmware/esp-idf/soundnodev1/components/lovyangfx/src/lgfx/v1/platforms/esp32/Bus_SPI.hpp,7187,2e931923d7f71985343d29a5d52b708d19801d1ee718c9875db913a189618798
firmware/esp-idf/soundnodev1/components/lovyangfx/src/lgfx/v1/platforms/esp32/Light_PWM.cpp,3647,65374e92e77e553486657d8e0e00bc45e43c7c6851cfb338f79976e947865f64
firmware/esp-idf/soundnodev1/components/lovyangfx/src/lgfx/v1/platforms/esp32/Light_PWM.hpp,1259,9053acc7dd4ce32a75dbb473c5ff108fe363d32ed227b8638c8b71fba964f7e2
firmware/esp-idf/soundnodev1/components/lovyangfx/src/lgfx/v1/platforms/esp32/Panel_CVBS.cpp,85621,d8d41a8102b3c2656aee607f6edc5d7861b17c5fa1f1b1763b68fbb013448d2e
firmware/esp-idf/soundnodev1/components/lovyangfx/src/lgfx/v1/platforms/esp32/Panel_CVBS.hpp,2876,d0416e267c5f65508c51b3f35165b3d68936c882afdf50ab1f9524b28516fea3
firmware/esp-idf/soundnodev1/components/lovyangfx/src/lgfx/v1/platforms/esp32/Panel_EPD.cpp,40501,f81714af7aa6972ccf5399f8b6fea2424f0121deff701400e8b9e9106f2d3e77
firmware/esp-idf/soundnodev1/components/lovyangfx/src/lgfx/v1/platforms/esp32/Panel_EPD.hpp,4270,600c1ab594fb26cdab16c1b827a5b017c364c174d680f1322211f60543307df3
firmware/esp-idf/soundnodev1/components/lovyangfx/src/lgfx/v1/platforms/esp32/common.cpp,65346,b49a3d9f0160e03086ce802177056dc3db909b2ae069261bd108a4435fe2351c
firmware/esp-idf/soundnodev1/components/lovyangfx/src/lgfx/v1/platforms/esp32/common.hpp,12296,25248f352136502f53898ab19e890181b9161d4ffa40a5560af1f1c894531367
firmware/esp-idf/soundnodev1/components/lovyangfx/src/lgfx/v1/platforms/esp32c3/Bus_Parallel8.cpp,7812,555eab81b5c4cd52ec765f090ec725c7445484dd7cc9cace3bb344188cdd4fa5
firmware/esp-idf/soundnodev1/components/lovyangfx/src/lgfx/v1/platforms/esp32c3/Bus_Parallel8.hpp,3158,c464319acfe64e960634e5ac5240e7a7505c62ff42203022edbbddfb78447478
firmware/esp-idf/soundnodev1/components/lovyangfx/src/lgfx/v1/platforms/esp32p4/Bus_DSI.cpp,2690,0d67f39334afd460a0c29a9398672fce35c417a11b1d782b4c1df2d0251692ee
firmware/esp-idf/soundnodev1/components/lovyangfx/src/lgfx/v1/platforms/esp32p4/Bus_DSI.hpp,2897,32c4157425675cef9b9a8ac6fcc646a206f9d3e7ea4a0eb6165c9cec578e57ac
firmware/esp-idf/soundnodev1/components/lovyangfx/src/lgfx/v1/platforms/esp32p4/Panel_DSI.cpp,5129,8b19f20fd26aa1a34944e2359ca8ebe3701197d2b96cb586cf762e08808e89fc
firmware/esp-idf/soundnodev1/components/lovyangfx/src/lgfx/v1/platforms/esp32p4/Panel_DSI.hpp,2966,f441c4f3668158abb85f5030cc55a6508c6d0cf73df64fb16ab8b43f925bab19
firmware/esp-idf/soundnodev1/components/lovyangfx/src/lgfx/v1/platforms/esp32p4/Panel_ILI9881C.hpp,7646,964ace254f25074cc1b2d65904bc181a23c39fb05a58b92606d96ffb372369b8
firmware/esp-idf/soundnodev1/components/lovyangfx/src/lgfx/v1/platforms/esp32p4/Panel_ST7123.hpp,5264,58697761b31ef6ca1536ef34ebfa6dd54bb25979c28780c40f2443efd1b426d7
firmware/esp-idf/soundnodev1/components/lovyangfx/src/lgfx/v1/platforms/esp32p4/Touch_ST7123.cpp,4975,47bcc89655f7d8e0ac0940553f95a907f7fdd5787407cb1dfc433f30df17e4a6
firmware/esp-idf/soundnodev1/components/lovyangfx/src/lgfx/v1/platforms/esp32p4/Touch_ST7123.hpp,1404,d308bd8261cac2e7378f501edf13883ed4b69e4c8fcc3daf8b5ff42b2c32b93a
firmware/esp-idf/soundnodev1/components/lovyangfx/src/lgfx/v1/platforms/esp32s2/Bus_Parallel16.cpp,20728,dd46513d1107bda83fadffeb31141dfd4a7b5f49e44c9cd6a840702d1601949d
firmware/esp-idf/soundnodev1/components/lovyangfx/src/lgfx/v1/platforms/esp32s2/Bus_Parallel16.hpp,5026,bb15eb175ce7061525affb3c345bf9327ea2cbbbb215e778392e59d76b28c036
firmware/esp-idf/soundnodev1/components/lovyangfx/src/lgfx/v1/platforms/esp32s2/Bus_Parallel8.cpp,17289,73952c1744867226e0937f555915b0a11fb40f568d065e051cf28642b7ef46c7
firmware/esp-idf/soundnodev1/components/lovyangfx/src/lgfx/v1/platforms/esp32s2/Bus_Parallel8.hpp,4701,0fda1ea3527b46a00b1e3f4ccc7d9bdbb35e2074dde08fd7248893959f064f78
firmware/esp-idf/soundnodev1/components/lovyangfx/src/lgfx/v1/platforms/esp32s3/Bus_Parallel16.cpp,18160,f33438c0687f7008a24cef1f2bfd595cd13f89925ef779a46a648fe587b8c932
firmware/esp-idf/soundnodev1/components/lovyangfx/src/lgfx/v1/platforms/esp32s3/Bus_Parallel16.hpp,4110,5c79b89ad689cbad3a35a8570f778d25a18ccb8252b9f010001652e95252f698
firmware/esp-idf/soundnodev1/components/lovyangfx/src/lgfx/v1/platforms/esp32s3/Bus_Parallel8.cpp,15559,8b792d144989fd46010bd87c5fdd729bf8bd65aca1f5c8489f7607e50dd60155
firmware/esp-idf/soundnodev1/components/lovyangfx/src/lgfx/v1/platforms/esp32s3/Bus_Parallel8.hpp,3812,faf6b4f2bb2a22244ede14fabb03a102d5054726c63cb6647e09079145a423a8
firmware/esp-idf/soundnodev1/components/lovyangfx/src/lgfx/v1/platforms/esp32s3/Bus_RGB.cpp,12336,fefedf2f6f07a85142eadfb1f507516ea07200413fbe37a7633166963d470165
firmware/esp-idf/soundnodev1/components/lovyangfx/src/lgfx/v1/platforms/esp32s3/Bus_RGB.hpp,4198,95b213f26776e12c3df8767449a4cb4e76d798327965cb86c290111d961a2242
firmware/esp-idf/soundnodev1/components/lovyangfx/src/lgfx/v1/platforms/esp32s3/Panel_RGB.cpp,16314,2382225578320475a747b3069a10191b98583b03e49156ba2b9da245927a4514
firmware/esp-idf/soundnodev1/components/lovyangfx/src/lgfx/v1/platforms/esp32s3/Panel_RGB.hpp,3190,5864b5f2ff54dbb20e26a8cd36efa8bdaf21edabe72e9180e80b76a76080d6f3
firmware/esp-idf/soundnodev1/components/lovyangfx/src/lgfx/v1/platforms/esp8266/Bus_I2C.cpp,6337,f43039a5c400689e1617aeb9e9f9c1754c5a882e73cd7a26f648d4f4244fde22
firmware/esp-idf/soundnodev1/components/lovyangfx/src/lgfx/v1/platforms/esp8266/Bus_I2C.hpp,2966,63d7ecd41c8fe30760a6e04c999c3fb9ddb1abb981156c52fcccd7f99a45bc31
firmware/esp-idf/soundnodev1/components/lovyangfx/src/lgfx/v1/platforms/esp8266/Bus_SPI.cpp,8047,44bb0c54e156aec4b81a273ecceefa37bcba48e653d0d1606e816085814e0919
firmware/esp-idf/soundnodev1/components/lovyangfx/src/lgfx/v1/platforms/esp8266/Bus_SPI.hpp,3528,cf2b5d2e7caf84abdc230b75cb19f611712a0865ce573eba90f7e394020c4f99
firmware/esp-idf/soundnodev1/components/lovyangfx/src/lgfx/v1/platforms/esp8266/common.cpp,13557,4290934869dcf6bc78a359854a0ec28b93a023d9f0c2037e6fe1011a7f6c8ded
firmware/esp-idf/soundnodev1/components/lovyangfx/src/lgfx/v1/platforms/esp8266/common.hpp,8219,cb18ed0649922bfa5a99d10f628230429a77d487c3b5e51035fb6c2078748e05
firmware/esp-idf/soundnodev1/components/lovyangfx/src/lgfx/v1/platforms/framebuffer/Panel_fb.cpp,15503,c52e5652da4fd7d29f07ab36522af1587892ea3d24d2ac02a1addb20299517bc
firmware/esp-idf/soundnodev1/components/lovyangfx/src/lgfx/v1/platforms/framebuffer/Panel_fb.hpp,4213,07648b53d1c915a7327e9810ce248a47448dd7314bc0910a6cc6f959e4caad74
firmware/esp-idf/soundnodev1/components/lovyangfx/src/lgfx/v1/platforms/framebuffer/common.cpp,4441,568dcab07c39a125fcd315a248a14548313e6448f9e5e64c9daad76101d6368b
firmware/esp-idf/soundnodev1/components/lovyangfx/src/lgfx/v1/platforms/framebuffer/common.hpp,2544,2c1a8f06b37038ccdd17cf908d0b68a35ba52a527c9c8356d98bf4d4102bb15c
firmware/esp-idf/soundnodev1/components/lovyangfx/src/lgfx/v1/platforms/opencv/Panel_OpenCV.cpp,15425,e212352937412e01d931d7cee16927b7f3f3f46c30d95f9fcdeaffdd67567826
firmware/esp-idf/soundnodev1/components/lovyangfx/src/lgfx/v1/platforms/opencv/Panel_OpenCV.hpp,3176,11e4970c71fade4b2a414ad87bdfc7d7125b3592a3b5fa1ae3c23b55960462d2
firmware/esp-idf/soundnodev1/components/lovyangfx/src/lgfx/v1/platforms/opencv/common.cpp,4228,1ff94ba847db780a3dadb4fa37596c90fdc4eb1732639ef305c7933b5a80665a
firmware/esp-idf/soundnodev1/components/lovyangfx/src/lgfx/v1/platforms/opencv/common.hpp,2604,66bf3d7f3a3e8195ed3d5760f0176fafececa330808c86591129273316d2cd41
firmware/esp-idf/soundnodev1/components/lovyangfx/src/lgfx/v1/platforms/rp2040/Bus_I2C.cpp,6405,17731315216ac52f4cf5766e2e409b86455b8b56861ad70c23ada1a32e5a3892
firmware/esp-idf/soundnodev1/components/lovyangfx/src/lgfx/v1/platforms/rp2040/Bus_I2C.hpp,2966,63d7ecd41c8fe30760a6e04c999c3fb9ddb1abb981156c52fcccd7f99a45bc31
firmware/esp-idf/soundnodev1/components/lovyangfx/src/lgfx/v1/platforms/rp2040/Bus_SPI.cpp,10234,270be576f39f7c4944f2db5dd0e1035eb474a859496317d8c1a311b74436c345
firmware/esp-idf/soundnodev1/components/lovyangfx/src/lgfx/v1/platforms/rp2040/Bus_SPI.hpp,5667,32bb39b705b9f181018250c6051ebfa5240fdb9086426c470571d2809a0d6c74
firmware/esp-idf/soundnodev1/components/lovyangfx/src/lgfx/v1/platforms/rp2040/Light_PWM.cpp,1753,449f17c8c30e3eddd60e578973986244095cbc7d55dabc8bf025ead1cf14eb19
firmware/esp-idf/soundnodev1/components/lovyangfx/src/lgfx/v1/platforms/rp2040/Light_PWM.hpp,1256,022387985b23a06fb087b96fc684cf768f5d22f893feb8642f75a0dc3240c8d0
firmware/esp-idf/soundnodev1/components/lovyangfx/src/lgfx/v1/platforms/rp2040/common.cpp,42556,f0329fac256c0cb79c609079625aeb408a3592810b4e373b153e0acef3b81cac
firmware/esp-idf/soundnodev1/components/lovyangfx/src/lgfx/v1/platforms/rp2040/common.hpp,7096,f3e5434733a9ee3b7315e9f52cd8b58e2f51e533e06f2f7d9802ece40ac5d8e1
firmware/esp-idf/soundnodev1/components/lovyangfx/src/lgfx/v1/platforms/samd21/Bus_I2C.cpp,7083,d2e214e86439922c418e92b467fec6d050d0573d1092c57da5f436efe3c13415
firmware/esp-idf/soundnodev1/components/lovyangfx/src/lgfx/v1/platforms/samd21/Bus_I2C.hpp,3003,13548d56093466d972ffaf135fbb098823698ca30b741668339fd9e5847b785d
firmware/esp-idf/soundnodev1/components/lovyangfx/src/lgfx/v1/platforms/samd21/Bus_SPI.cpp,6735,c157fd7729d61db268ed5dc3fd9bac1b8bb39f1ccb4d8189095b986f9a4cc030
firmware/esp-idf/soundnodev1/components/lovyangfx/src/lgfx/v1/platforms/samd21/Bus_SPI.hpp,3946,2e8e8e0610bb8b39a0ad6566ab28b44e1a752ca5f0095039944aac5f15318217
firmware/esp-idf/soundnodev1/components/lovyangfx/src/lgfx/v1/platforms/samd21/common.cpp,24285,6ce956d2df2f080566d5f6ed5344b63b89edb1fe0f9e45d5b5abbdcd116ad0f1
firmware/esp-idf/soundnodev1/components/lovyangfx/src/lgfx/v1/platforms/samd21/common.hpp,6396,c78ccbc94195dece226f26c57f82cb622cd65e1c149a5ebcd1b52a7424fc003b
firmware/esp-idf/soundnodev1/components/lovyangfx/src/lgfx/v1/platforms/samd51/Bus_I2C.cpp,6546,5c9a99dd79445a67daf8ed674bc3e1b085d63e9f603cd096c5c02e6731526d27
firmware/esp-idf/soundnodev1/components/lovyangfx/src/lgfx/v1/platforms/samd51/Bus_I2C.hpp,2949,fa3b5e44c488d3b1799d64f67520adbfd3273f6e9ca25cd19b4dd6a12d8b1f98
firmware/esp-idf/soundnodev1/components/lovyangfx/src/lgfx/v1/platforms/samd51/Bus_SPI.cpp,21242,22d0ceffe420684b0088872490d5d6e29141931cb79d9ae94dcffe831c7b00a4
firmware/esp-idf/soundnodev1/components/lovyangfx/src/lgfx/v1/platforms/samd51/Bus_SPI.hpp,4004,bec8eb97c697af5c7766edadfbaee34de5ac345e14a85e7cf245fffba0affffd
firmware/esp-idf/soundnodev1/components/lovyangfx/src/lgfx/v1/platforms/samd51/common.cpp,31109,869d0194a42e63c2924b6f374a9edd6b4d43b56ccd50c8faced529d5952f757a
firmware/esp-idf/soundnodev1/components/lovyangfx/src/lgfx/v1/platforms/samd51/common.hpp,7342,731d21cd1180eb323598a5e829808870325cc69d5977667288333839967766d3
firmware/esp-idf/soundnodev1/components/lovyangfx/src/lgfx/v1/platforms/samd51/samd51_arduino_compat.hpp,77252,fc5c1c86fe310094d7d1dfd8d5e2f878cdf4e5dc2bcab06b8e138dc9ec8b7ce0
firmware/esp-idf/soundnodev1/components/lovyangfx/src/lgfx/v1/platforms/sdl/Bus_I2C.hpp,1398,2c7c5d66c6d1d99b6652e0f618d372aaba75ea8cd264988ee2fc6f234727de70
firmware/esp-idf/soundnodev1/components/lovyangfx/src/lgfx/v1/platforms/sdl/Panel_sdl.cpp,21090,a76ada11c97c36a0c656823962671bdc8df022a0e4828ed7ae1e4f7f27d5b18b
firmware/esp-idf/soundnodev1/components/lovyangfx/src/lgfx/v1/platforms/sdl/Panel_sdl.hpp,4744,a3d29e5f2e146cffa43c0ee46841ed0edbbce081074fe17ad55d4282ed7d6714
firmware/esp-idf/soundnodev1/components/lovyangfx/src/lgfx/v1/platforms/sdl/common.cpp,4389,69b00f891e0b3075e4bed553e4b9ecbdf4647978ee4b76403edd4558c3bfcac8
firmware/esp-idf/soundnodev1/components/lovyangfx/src/lgfx/v1/platforms/sdl/common.hpp,3477,cf37c41ee09252c55605710ec6ad3a58ec75fc71aafa88c6b399d6d98d954595
firmware/esp-idf/soundnodev1/components/lovyangfx/src/lgfx/v1/platforms/spresense/Bus_SPI.cpp,8396,afc66a66fc4b0dc1ad4fa5d9cd5d262be30453737ec13a4552afd9e08f299bc3
firmware/esp-idf/soundnodev1/components/lovyangfx/src/lgfx/v1/platforms/spresense/Bus_SPI.hpp,3504,aae8840dd4475282a8ae3007144c5eb6855599a2dd7e75cd0ee46d368580b7b3
firmware/esp-idf/soundnodev1/components/lovyangfx/src/lgfx/v1/platforms/spresense/common.cpp,3463,dc34a8e1bd89ad6a563645066a16a86114ee700f09afeaa1e08d7eb4e7d48325
firmware/esp-idf/soundnodev1/components/lovyangfx/src/lgfx/v1/platforms/spresense/common.hpp,3633,688ae963851b5ece6cb1539591d20bc79512de239f44d3bcd0730bdb2e535e91
firmware/esp-idf/soundnodev1/components/lovyangfx/src/lgfx/v1/platforms/stm32/Bus_SPI.cpp,8226,00a6f7574949798be7b47b82cb95dfbae5307463437e87dd0dae187487caa44a
firmware/esp-idf/soundnodev1/components/lovyangfx/src/lgfx/v1/platforms/stm32/Bus_SPI.hpp,4190,e0aec03232790e7a0a3c607b1051c612736f0f7cb07ef4962550b1936f5521d3
firmware/esp-idf/soundnodev1/components/lovyangfx/src/lgfx/v1/platforms/stm32/common.cpp,3636,15eb6088335edf65ef6b2817c4ec5c010eb548438a9035d287cf3ab800d836cf
firmware/esp-idf/soundnodev1/components/lovyangfx/src/lgfx/v1/platforms/stm32/common.hpp,5194,8a5c629be64778140d23b9d50dba1dacf57b5f7bec57a478c7935e116d83c685
firmware/esp-idf/soundnodev1/components/lovyangfx/src/lgfx/v1/touch/Touch_CHSC6x.cpp,2566,f5a86aa7eef8e85220fc2253f5d6e5089467f6d9c0514459c6c9ba47000b24ff
firmware/esp-idf/soundnodev1/components/lovyangfx/src/lgfx/v1/touch/Touch_CHSC6x.hpp,1557,d156110875fdaf5ce8cf5d96c66bc7648a83ae660ece9b3634ffc29a048f06b0
firmware/esp-idf/soundnodev1/components/lovyangfx/src/lgfx/v1/touch/Touch_CSTxxx.cpp,11538,d763ab7396198dc9103483d3b3326e9be85ea40de67627a35b0f20eb4e1641eb
firmware/esp-idf/soundnodev1/components/lovyangfx/src/lgfx/v1/touch/Touch_CSTxxx.hpp,3294,18d4fbffc8431af2c028df6874a29fcfde118c5adeadb6427cecae79deffdb8b
firmware/esp-idf/soundnodev1/components/lovyangfx/src/lgfx/v1/touch/Touch_FT5x06.cpp,5418,4710a440999da7b2a65e7d2af15578314181e8c1a748ddacfbefa9ed9113ffe9
firmware/esp-idf/soundnodev1/components/lovyangfx/src/lgfx/v1/touch/Touch_FT5x06.hpp,1465,ab75b52e14283d69bf7d6a21234593b87159eb72f91caebbbba7d50e0ba6106b
firmware/esp-idf/soundnodev1/components/lovyangfx/src/lgfx/v1/touch/Touch_GSLx680.cpp,5064,12a0944fca20c40001afd3325a472bac7e3767f9998d08807b2dcc8c134c0162
firmware/esp-idf/soundnodev1/components/lovyangfx/src/lgfx/v1/touch/Touch_GSLx680.hpp,2055,7cf94ac62342a9cf2194cb0a72d793021fc644e477d4545ec2c89cd50f2bdc5c
firmware/esp-idf/soundnodev1/components/lovyangfx/src/lgfx/v1/touch/Touch_GT911.cpp,6623,73f761ed036a0a8a49023e5c55dfd886bb2979b58cb48bc85ae132040603f7a4
firmware/esp-idf/soundnodev1/components/lovyangfx/src/lgfx/v1/touch/Touch_GT911.hpp,1757,742d3b151e421509d14dd5e93cede75ffe3842bc2b55c4cc9141582ab6df895d
firmware/esp-idf/soundnodev1/components/lovyangfx/src/lgfx/v1/touch/Touch_NS2009.cpp,1995,ce28973a03c6b5ce50cb3079be2bdc26a719684af43a27993642b54f8fe8c82c
firmware/esp-idf/soundnodev1/components/lovyangfx/src/lgfx/v1/touch/Touch_NS2009.hpp,1217,1c56fc6cae7e4fad6d67bb4ce0d529850a5aefbd8719b27a2cc051ed3f2a5112
firmware/esp-idf/soundnodev1/components/lovyangfx/src/lgfx/v1/touch/Touch_RA8875.cpp,3429,23d50ab4f3b537495a27d18d99726228979cf1cc47aee575228721739100f14a
firmware/esp-idf/soundnodev1/components/lovyangfx/src/lgfx/v1/touch/Touch_RA8875.hpp,1282,3d20292e4c0fab0f5907c3d8f868a42c16652de6daa2b118b06c0f78f756052a
firmware/esp-idf/soundnodev1/components/lovyangfx/src/lgfx/v1/touch/Touch_STMPE610.cpp,9640,6da4fd9ce63990b180c907271a404568e3094d2426b25e9b228503c4159f5fc9
firmware/esp-idf/soundnodev1/components/lovyangfx/src/lgfx/v1/touch/Touch_STMPE610.hpp,1414,681d37c65a61fd21a24b69cd20c122c9bd7b40026e9bb3ff3d6ab024dd3a69a6
firmware/esp-idf/soundnodev1/components/lovyangfx/src/lgfx/v1/touch/Touch_TT21xxx.cpp,2490,75e16fb3896249360c0b99db05c142528d38c5b14fe2ad8e2128cbf48d74888f
firmware/esp-idf/soundnodev1/components/lovyangfx/src/lgfx/v1/touch/Touch_TT21xxx.hpp,1244,7f43ae97e6562e7f5684834a3e3db8976fdbdafc6960e8abbf1f9858a5ed1b17
firmware/esp-idf/soundnodev1/components/lovyangfx/src/lgfx/v1/touch/Touch_XPT2046.cpp,3921,21e44a822b43792225231e0efb0573428738afce0b49291f165a79812caacbdc
firmware/esp-idf/soundnodev1/components/lovyangfx/src/lgfx/v1/touch/Touch_XPT2046.hpp,1177,673f11771823986273ccf77bef8e61c4a61de9d6534e2d5c1f015a5d21cb1162
firmware/esp-idf/soundnodev1/components/lovyangfx/src/lgfx/v1/touch/gslx680/Touch_GSL1680E_800x480_FW.hpp,103323,ddf045b8f5a78ee7c990de2ab308e870ce602313904f801e57e5bafb81dd2b17
firmware/esp-idf/soundnodev1/components/lovyangfx/src/lgfx/v1/touch/gslx680/Touch_GSL1680F_480x272_FW.hpp,97105,6957b57bfc524a5ff6662d67c9188642428c7f946ea3ce9405a89f6d8d674593
firmware/esp-idf/soundnodev1/components/lovyangfx/src/lgfx/v1/touch/gslx680/Touch_GSL1680F_800x480_FW.hpp,85927,ef4b0daed7bd8791a2009c345502f8d3429830d4ddf8d54c0a6098c905bee162
firmware/esp-idf/soundnodev1/components/lovyangfx/src/lgfx/v1/touch/gslx680/Touch_GSLx680_320x320_FW.hpp,94075,7fde29954c9af0dd868c2ce083bd5ebbbd2d53feb0433833d4abb063490460f8
firmware/esp-idf/soundnodev1/components/lovyangfx/src/lgfx/v1/touch/gslx680/Touch_GSLx680_FW.h,633,359aab5bc6f2f53f7e69d1eae6f125c77dbc4d6dce05f0c4a3abd34abf7e71d5
firmware/esp-idf/soundnodev1/components/lovyangfx/src/lgfx/v1_autodetect/LGFX_AutoDetect_ESP32_all.hpp,122816,aa6fe5ad0f331699386ed7397f8abc2d83704f0527bfd018e1652a07ec3dddb5
firmware/esp-idf/soundnodev1/components/lovyangfx/src/lgfx/v1_autodetect/LGFX_AutoDetect_ESP8266.hpp,5071,719baa36b25cfd21e52e6e0158118688fd4aaa579d0c579f5f2b72ec584636dd
firmware/esp-idf/soundnodev1/components/lovyangfx/src/lgfx/v1_autodetect/LGFX_AutoDetect_FrameBuffer.hpp,1793,aa5670c7f8a14008acb3564a5a4ba00ec32c75f360b92c99bf7d38ef8a553dd6
firmware/esp-idf/soundnodev1/components/lovyangfx/src/lgfx/v1_autodetect/LGFX_AutoDetect_OpenCV.hpp,1440,279b440e942501aa21fe99e68e201eea0f091c10d566c742c5172e4bc1154516
firmware/esp-idf/soundnodev1/components/lovyangfx/src/lgfx/v1_autodetect/LGFX_AutoDetect_SAMD21.hpp,10202,61d241b2ff1d112830d71429f371488aa947535bda530ccfc4a7822640554e70
firmware/esp-idf/soundnodev1/components/lovyangfx/src/lgfx/v1_autodetect/LGFX_AutoDetect_SAMD51.hpp,15968,371322b913ba0bf469acceeb0262486d9bc2e52541c6ed7c3de6a3fc74df0b46
firmware/esp-idf/soundnodev1/components/lovyangfx/src/lgfx/v1_autodetect/LGFX_AutoDetect_STM32.hpp,2317,9338fc5da59cdf4a3ad970bb31afdcdec4786599be10fc133ed69aae274fff80
firmware/esp-idf/soundnodev1/components/lovyangfx/src/lgfx/v1_autodetect/LGFX_AutoDetect_sdl.hpp,1638,b92c73fd0cce84b0249badd5474c0e9d3ca375c693b64f7ba56db7c097beb3c5
firmware/esp-idf/soundnodev1/components/lovyangfx/src/lgfx/v1_autodetect/common.hpp,1419,55c6978cd6370ddcb75bc017dc006c85dac159f9c82cb2844a78a383d5685fcb
firmware/esp-idf/soundnodev1/components/lovyangfx/src/lgfx/v1_init.hpp,2547,dd9dc9110f0ed588b1fe06d2045c6d7db77d3d186ee93e62ddf1baa6745b4c54
firmware/esp-idf/soundnodev1/components/lovyangfx/src/lgfx_user/LGFX_ESP32S2_DSO138_Parallel8.hpp,3704,55e73fde13f2c43172513f73beecee6c3fe615336c93396d0a8ffb3cec5168ad
firmware/esp-idf/soundnodev1/components/lovyangfx/src/lgfx_user/LGFX_ESP32S2_MakerabsParallelTFTwithTouch.hpp,3364,b3e7389f2cbfcf4135c16ec80be55df49aff8a56328d74c3847a8c8f2eae7472
firmware/esp-idf/soundnodev1/components/lovyangfx/src/lgfx_user/LGFX_ESP32S3_RGB_ESP32-8048S043.h,2814,e933afbcb59ee86f8609f218764bc5301f8c7d08d8e08b92d6741520e40cf1d2
firmware/esp-idf/soundnodev1/components/lovyangfx/src/lgfx_user/LGFX_ESP32S3_RGB_MakerfabsParallelTFTwithTouch40.h,2887,791f7dc5635b3dc2b29c768bdfe966a4121d6df1b1cfe6091845b3f4e8418323
firmware/esp-idf/soundnodev1/components/lovyangfx/src/lgfx_user/LGFX_ESP32S3_RGB_MakerfabsParallelTFTwithTouch43.h,2978,0189c5ff0e1dc9ba028dbe55f7b2ea595a1aa61966212f1a0f69d019a1cb2996
firmware/esp-idf/soundnodev1/components/lovyangfx/src/lgfx_user/LGFX_ESP32S3_wywy_ESP32HMI.h,2161,a9578a425c75c60eef81d0594dadef126ffe37b22e9992039132d5a3c752f159
firmware/esp-idf/soundnodev1/components/lovyangfx/src/lgfx_user/LGFX_ESP32_sample.hpp,12553,75bafb763c388d6264b06783976ad9ca6c8db798f6c38b3d31e6da49db85f1d2
firmware/esp-idf/soundnodev1/components/lovyangfx/src/lgfx_user/LGFX_ESP8266_ESPboy.hpp,2328,3661b322a8ce6196efe19f058cb02d43236b1428b52e644bd051a737e610157b
firmware/esp-idf/soundnodev1/components/lovyangfx/src/lgfx_user/LGFX_ESP8266_sample.hpp,6387,a9b1323cf61b12142075b0dee50c97241198aeac2f76f3967c7fafce0dfdca7d
firmware/esp-idf/soundnodev1/components/lovyangfx/src/lgfx_user/LGFX_Elecrow_ESP32_Display_DLC35010R.h,2545,a42757b7c577e9d735ac965e47fc7f67ac9e51ccf3c669c475f6c73b020f7781
firmware/esp-idf/soundnodev1/components/lovyangfx/src/lgfx_user/LGFX_Elecrow_ESP32_Display_WZ8048C050.h,2905,6de29850db565ee4cd93c443af4668181d159431797b5e1efaee22a992571ec9
firmware/esp-idf/soundnodev1/components/lovyangfx/src/lgfx_user/LGFX_Elecrow_ESP32_Display_WZ8048C070.h,2908,e39e73ccabdbd4d5cee2217ed8798d4201dc1953aa7d2ccd74efa444b18e3577
firmware/esp-idf/soundnodev1/components/lovyangfx/src/lgfx_user/LGFX_JC4827W543_4.3inch_ESP32S3.hpp,3190,d36a79598db77a45e80b915220c6acce3af6d74d4eedc45d5a5d19aa65ade92d
firmware/esp-idf/soundnodev1/components/lovyangfx/src/lgfx_user/LGFX_Makerfabs_MaTouchESP32S3ParallelTFTwithTouch7.h,3133,de93ba891a50465935630a3fa61063909066fb24f4952045ba37fe0fc34545aa
firmware/esp-idf/soundnodev1/components/lovyangfx/src/lgfx_user/LGFX_Monica.hpp,5699,e08edebf25dc1b8569474a73dd2bcb1df07c684c88d561801d2061e7d39c3903
firmware/esp-idf/soundnodev1/components/lovyangfx/src/lgfx_user/LGFX_RP2040_096_Waveshare_sample.hpp,1253,ade6aecee8cbd85c6570dfa854895a5eb23ec6ae3d200cfc55598103c43b3697
firmware/esp-idf/soundnodev1/components/lovyangfx/src/lgfx_user/LGFX_SAMD21_sample.hpp,7398,cde5029b095799ef0cfdc16e07feee44308b89947b1cbee8c5c6b9d8ecc1379a
firmware/esp-idf/soundnodev1/components/lovyangfx/src/lgfx_user/LGFX_SAMD51_sample.hpp,7398,dcf75a7dc9509b54f578ba842661944c300408c3bf066a36cb381ae3f9f94868
firmware/esp-idf/soundnodev1/components/lovyangfx/src/lgfx_user/LGFX_SPRESENSE_sample.hpp,6075,091176c5393336ef26396abcaf94ffc48e6b0e7112ad7bd21c130dfacd391391
firmware/esp-idf/soundnodev1/components/lovyangfx/src/lgfx_user/LGFX_Sunton_ESP32-8048S050.h,2849,599ba296bc3fa270eb117eeebdd05c355567296e9a86edb8c2e1d3dcd4412021
firmware/esp-idf/soundnodev1/components/lovyangfx/src/lgfx_user/LGFX_Sunton_ESP32-8048S070.h,2852,bfefc6043027cb87824f388cdd9a66bb558db770ec4936d709ac0184137c9f50
firmware/esp-idf/soundnodev1/components/lovyangfx/src/lgfx_user/Lilygo_T4_S3.hpp,4846,77b156789f2cc840481222b5a09159aeb9cd80bae0ae945cbc1a42f89d31362b
firmware/esp-idf/soundnodev1/components/lovyangfx/src/lgfx_user/Lilygo_T_Display_S3_AMOLED.hpp,3264,a77abb059143931bfb1c196e40a4db938787cf60b3ae9ae678ac0e2f6053bc56
firmware/esp-idf/soundnodev1/components/lovyangfx/src/lgfx_user/M5AtomDisplay.hpp,5529,8db9fb0eaa208c3e5854a9f9b1a5c3c5d58d2ee046dc6e8429f8d480f57d9802
firmware/esp-idf/soundnodev1/components/lovyangfx/src/lgfx_user/M5ModuleDisplay.hpp,6098,61981758cdbb2329cd0e6a36967a1349c83470098daf683e6673e0c37568c39e
firmware/esp-idf/soundnodev1/components/lovyangfx/src/lgfx_user/M5Tab5.hpp,4654,d7224fcd16399b70e39f31f4e520cd7ebd63fe7e1fc5f40d9113b0a01902352d
firmware/esp-idf/soundnodev1/components/lovyangfx/src/lgfx_user/M5UnitGLASS.hpp,2450,c64961ff1487de985c5c8e5fec884c730574d03c88382ec175cc2a395c01d646
firmware/esp-idf/soundnodev1/components/lovyangfx/src/lgfx_user/M5UnitLCD.hpp,2578,bb5e22c6c3ea940bed5b11e3bbd3273b5f9800256652d021398a9d7500a330ee
firmware/esp-idf/soundnodev1/components/lovyangfx/src/lgfx_user/M5UnitOLED.hpp,2452,d290d9ab704b5a58ef5630c22cee6e47bec4a705c7ee468bc936020be552af5a
firmware/esp-idf/soundnodev1/components/lovyangfx/src/lgfx_user/SharpLCD.hpp,2436,4f339ca59262196f66149ae94c815f77443b8da52e3f72a9186a145a7c20296e
firmware/esp-idf/soundnodev1/components/minimp3/CMakeLists.txt,70,1b0c531a02725e82cae02288183ae725f5721ea0f7af1a368a09bbaf9d843b48
firmware/esp-idf/soundnodev1/components/minimp3/include/PLACE_MINIMP3_HEADERS_HERE.txt,82,2c0c552157452f6b233da0c05d68606448f842717d5ad8ece5e131019fb521e1
firmware/esp-idf/soundnodev1/components/minimp3/include/minimp3.h,78665,b1c2459bfc4e2ab8c59a11f6584beaf55f8e3311cd520cf8cdc39a0e45022dc9
firmware/esp-idf/soundnodev1/components/minimp3/include/minimp3_ex.h,50906,222b6ec59f2bee00e0b76d85f1b3d84f816449810fb41493049f82f085ea66a1
firmware/esp-idf/soundnodev1/components/minimp3/minimp3.c,54,330fb487025e1dfe690a34e093091928b7f3e86d627152a1126e2eb7a44e1656
firmware/esp-idf/soundnodev1/main/CMakeLists.txt,241,a177ac727abdd7c7f1f0e3c358ad2e8399983fe608f03f7420d72f276a571ec2
firmware/esp-idf/soundnodev1/main/app_main.cpp,1595,f8e52ebcb517a3d8825a762a4fc2c555b0f531f1184de318aafc8d66d39d0ae1
firmware/esp-idf/soundnodev1/main/bt_a2dp.cpp,3530,2f5309acb28452e5962dd9aa067ecfb25b8ccd1de71391022be66690ddcc3c2d
firmware/esp-idf/soundnodev1/main/bt_a2dp.h,160,2b36f6fe65f524462923ad6f3cafa22eecdf4fb80492ce3a7efef4a4d8061e1c
firmware/esp-idf/soundnodev1/main/mp3_decode.cpp,3057,099b40bbb8e38edeffa01ae9ee8bbce1d6885c8e628b041132ca157ee3081a24
firmware/esp-idf/soundnodev1/main/mp3_decode.h,349,690ca47bd6582153f035e328e2e20a5e29e1293c08c85390e45ed7e7be7e04a5
firmware/esp-idf/soundnodev1/main/pin_config.h,1328,2018c98867053bb629c85d46af10105c99184e5905075aa4a05800e68b928c35
firmware/esp-idf/soundnodev1/main/playlist.cpp,652,0a4fab5c7d6506f2223a9606ca2c2970321fdecf0a1d47b52cfbd694ac7588c7
firmware/esp-idf/soundnodev1/main/playlist.h,131,6650f5d99751b9d757bb6cdbbdf26b298f5e0116dc23aa0a0505c112cd6391aa
firmware/esp-idf/soundnodev1/main/ring_pcm.cpp,2412,b8dd330ff64f8e7962671296cc15fbc2ca437d109b182ca9042420548b6a57aa
firmware/esp-idf/soundnodev1/main/ring_pcm.h,226,c972fe3ffc1e57c56d64453ac18ab58e9465f48596cd04ee3cacb696a4a4e802
firmware/esp-idf/soundnodev1/main/sd_mount.cpp,1305,cdfae33ac4869d4bbb48071acf103428317fd72f74e3ef0438904e6ee22e59e4
firmware/esp-idf/soundnodev1/main/sd_mount.h,100,d504489748f999dd10e67bfdec5c3c8b30d7b36de59202be43cb38b6c9815754
firmware/esp-idf/soundnodev1/main/ui.cpp,6154,d5df0c3bbdaabc1dc07c2993547b0a834f5460f72f674a2cde49523b109d319b
firmware/esp-idf/soundnodev1/main/ui.h,142,a05d4dd17b6af9ebbe5f5de5fa9b302202eb8f051710e0b0c96873964c9d52c4
firmware/esp-idf/soundnodev1/sdkconfig,87759,130c2daf26306e47eb51cc2c311202f3699e2572e25c4e3dc87dc9fb6f78e70c
firmware/esp-idf/soundnodev1/sdkconfig.defaults,274,3a377ce9ebade8602f19de45efc43250b9a0f35ddb2375c8af83eb5c75e3ea7c
firmware/esp-idf/soundnodev1/sdkconfig.old,71248,45e9c4c9fd869f591e65bf4f0385a5ba859ac6da820387cbf94e0a9e24618206
tools/init_soundnodev1.bat,1595,2a50ed916595c7711a84d1785d0e1a2afae05e47ed579f4e5846d19a6291a346
